prompt,general,smart_home,todo,mail,others
What's the most cost-effective way to create the right ambiance with lighting in my dining room?,1,1,0,0,0
"I want to set a mood with lighting in my dining room, but I need to be budget-conscious. How can I do that?",1,1,0,0,0
How can I achieve a pleasant dining room atmosphere with lighting while minimizing expenses?,1,1,0,0,0
Affordable mood lighting for the dining room: any ideas?,1,1,0,0,0
I'm looking for budget-friendly ways to enhance the atmosphere in my dining room using lighting.  Any suggestions?,1,1,0,0,0
What are some inexpensive options for creating the perfect mood lighting in my dining area?,1,1,0,0,0
"Could you tell me the advantages of meditation?  Also, please switch off the kitchen lights, set a reminder for a 6 PM workout, and send out event invitations.",1,1,1,1,0
"I need information on the benefits of meditation.  In addition, please turn off the kitchen lights, schedule a reminder to exercise at 6 PM, and email event invitations.",1,1,1,1,0
"List the upsides of meditation.  Remember to turn off the kitchen lights, set an exercise reminder for 6 PM, and send event invites via email.",1,1,1,1,0
"What are the positive effects of meditation?  Please complete these tasks: turn off the kitchen lights, set a 6 PM exercise reminder, and send out the event invitations by email.",1,1,1,1,0
"I'd like to know the advantages of meditation.  Please also remember to extinguish the kitchen lights, create a reminder to exercise at 6 PM, and send email invitations for the event.",1,1,1,1,0
"Can you explain the benefits of meditation?  And while you're at it, please turn off the kitchen lights, set a reminder for my 6 PM workout, and send out the event invitations via email.",1,1,1,1,0
I need to add a to-do item about organizing my files.,0,0,1,0,0
Schedule a task for organizing my files.,0,0,1,0,0
Create a task: Organize my files.,0,0,1,0,0
Add 'Organize files' to my task list.,0,0,1,0,0
Put organizing my files on my to-do list.,0,0,1,0,0
Remember to add a task to tidy up my files.,0,0,1,0,0
I need to add a task for file organization.,0,0,1,0,0
Do you know any interesting trivia?,1,0,0,0,0
I'd love to hear a fun fact!,1,0,0,0,0
Tell me something interesting and fun.,1,0,0,0,0
Share a fun fact with me.,1,0,0,0,0
What's a fun fact you know?,1,0,0,0,0
Got any fun facts to share?,1,0,0,0,0
Let's hear a fun fact!,1,0,0,0,0
Any fun facts for me?,1,0,0,0,0
"I'm curious, what's a fun fact?",1,0,0,0,0
"I need to know how to begin programming, please remind me to update my calendar, and send a confirmation email for the appointment.",1,0,1,1,0
"Could you remind me to update my calendar and send an appointment confirmation email?  Also, how do I start learning to program?",1,0,1,1,0
Please send a confirmation email for the appointment and remind me to update my calendar.  What's the best way to get into programming?,1,0,1,1,0
"I need help with three things:  a confirmation email for the appointment, a calendar update reminder, and instructions on how to start programming.",1,0,1,1,0
Remind me to update my calendar and email a confirmation for the appointment.  Where do I begin learning to program?,1,0,1,1,0
"To-dos: send an appointment confirmation email, update my calendar (set a reminder!), and learn how to program.  Any advice on getting started with programming?",1,0,1,1,0
"Three tasks:  1) Send an appointment confirmation email, 2) Remind me to update my calendar, 3) Guide me on how to start programming.",1,0,1,1,0
Switch on the porch light.,0,1,0,0,0
Activate the porch light.,0,1,0,0,0
Illuminate the porch.,0,1,0,0,0
Turn the porch light to the 'on' position.,0,1,0,0,0
Get the porch light going.,0,1,0,0,0
Please switch on the porch light.,0,1,0,0,0
What languages are you fluent in?,0,0,0,0,1
In what language(s) do you communicate?,0,0,0,0,1
Tell me the languages you can speak.,0,0,0,0,1
Which languages do you use?,0,0,0,0,1
What's your native language?,0,0,0,0,1
Can you tell me about the languages you speak?,0,0,0,0,1
What languages are you proficient in?,0,0,0,0,1
What strategies can enhance my productivity?,1,0,0,0,0
How can I become more productive?,1,0,0,0,0
What steps can I take to boost my productivity?,1,0,0,0,0
I want to improve my productivity; how can I do that?,1,0,0,0,0
What are some ways to increase my efficiency and output?,1,0,0,0,0
How can I get more done in less time?,1,0,0,0,0
I'm looking for ways to improve my work output.  Any suggestions?,1,0,0,0,0
How can I optimize my workflow to be more productive?,1,0,0,0,0
"Turn on the security alarm; also, send the meeting minutes to the team via email.",0,1,0,1,0
"Email the meeting minutes to the team, and remember to activate the security alarm.",0,1,0,1,0
The team needs the meeting minutes emailed to them.  Don't forget to activate the security alarm.,0,1,0,1,0
Activate the alarm system and distribute the meeting minutes to the team by email.,0,1,0,1,0
Ensure the security alarm is activated and send the meeting notes to the team electronically.,0,1,0,1,0
"Send an email with the meeting minutes to the team, then activate the security alarm.",0,1,0,1,0
Please activate the security system and forward the meeting minutes to the team by email.,0,1,0,1,0
Action items:  Activate the security alarm; email meeting minutes to the team.,0,1,0,1,0
"What steps can I take to boost my productivity, and then email the meeting minutes to the team?",1,0,0,1,0
How can I enhance my productivity and subsequently send the meeting notes to the team via email?,1,0,0,1,0
I need to improve my productivity; how do I do that and also email the meeting minutes to the team?,1,0,0,1,0
What's the best way to increase my productivity and distribute the meeting minutes to the team by email?,1,0,0,1,0
"To improve productivity and share the meeting minutes with the team, what email process should I follow?",1,0,0,1,0
Can you advise on improving my productivity and the most efficient way to email the meeting minutes to the team?,1,0,0,1,0
My goal is to improve productivity; how can I also ensure the meeting minutes are emailed to the team?,1,0,0,1,0
How can I become more productive and email the meeting notes to the team afterwards?,1,0,0,1,0
"I need to locate a quality restaurant, change the air conditioning settings, and send a project update email.",1,1,0,1,0
"Could you help me find a decent restaurant, adjust the AC, and email a project update?",1,1,0,1,0
"I'm looking for a good restaurant; also, I need to adjust the air conditioner and send an email with a project update.",1,1,0,1,0
Can you recommend a good restaurant?  I also need to adjust the air conditioning and send a project update via email.,1,1,0,1,0
"Finding a nice restaurant, adjusting the air conditioner, and emailing a project update are all on my to-do list.",1,1,0,1,0
"My tasks include finding a good restaurant, adjusting the thermostat, and sending a project update email.",1,1,0,1,0
Adjust the thermostat to 22 degrees Celsius and write an email to Ahmed.,0,1,0,1,0
"Program the thermostat for 22 degrees, then draft an email to Ahmed.",0,1,0,1,0
Email Ahmed after setting the thermostat to 22 degrees.,0,1,0,1,0
Remember to email Ahmed once you've set the thermostat to 22 degrees.,0,1,0,1,0
"First, set the thermostat to 22 degrees; then, compose an email for Ahmed.",0,1,0,1,0
I need to set the thermostat to 22 degrees and send an email to Ahmed.,0,1,0,1,0
My tasks are to adjust the thermostat to 22 degrees and to create an email for Ahmed.,0,1,0,1,0
"The thermostat should be set to 22 degrees, and an email should be sent to Ahmed.",0,1,0,1,0
Set a reminder to pay my electricity bill.,0,0,1,0,0
Remind me to pay the electricity bill.,0,0,1,0,0
I need a reminder to pay the electricity bill.,0,0,1,0,0
Create a reminder for paying the electricity bill.,0,0,1,0,0
Put a reminder in my calendar to pay the electricity bill.,0,0,1,0,0
Schedule a reminder to pay the electricity bill.,0,0,1,0,0
"I need to add 'finish reading the book' to my to-do list, email the support team, and ponder the meaning of life.",1,0,1,1,0
"My tasks include: figuring out the meaning of life, emailing support, and finishing the book.",1,0,1,1,0
"Add 'finish the book' to my to-do list; email support; and, oh yeah, what is the meaning of life?",1,0,1,1,0
"Email the support team, finish reading the book, and contemplate the meaning of life—all on my to-do list.",1,0,1,1,0
"Three things:  I need to email the support team, finish the book, and determine the meaning of life.",1,0,1,1,0
"The meaning of life remains a mystery, but I must also email support and finish reading this book.",1,0,1,1,0
"Prioritize:  emailing the support team and finishing the book, then contemplate the meaning of life.",1,0,1,1,0
"My to-do list includes:  contacting the support team via email, completing the book, and considering the meaning of life.",1,0,1,1,0
Do you grow wiser with each experience?,0,0,0,0,1
Does experience shape your understanding?,0,0,0,0,1
Can you acquire knowledge through lived experiences?,0,0,0,0,1
Do you gain insights from past events?,0,0,0,0,1
Is your learning process informed by your experiences?,0,0,0,0,1
Do you adapt and improve based on what you've been through?,0,0,0,0,1
Do past experiences influence your future actions?,0,0,0,0,1
Do you use your experiences to guide your decisions?,0,0,0,0,1
Do you reflect on your experiences to learn and grow?,0,0,0,0,1
Are you capable of extracting lessons from your experiences?,0,0,0,0,1
Are you capable of problem-solving?,0,0,0,0,1
Do you have the ability to solve problems?,0,0,0,0,1
Is problem-solving within your capabilities?,0,0,0,0,1
Can you handle problem resolution?,0,0,0,0,1
Are you able to address problems effectively?,0,0,0,0,1
Do your functions include problem resolution?,0,0,0,0,1
Is problem resolution one of your features?,0,0,0,0,1
Can you find solutions to problems?,0,0,0,0,1
Are you equipped to tackle problems?,0,0,0,0,1
"I need instructions on baking a cake, a reminder to clean the house this weekend, and a template for a follow-up interview email.",1,0,1,1,0
"Can you help me with a cake recipe, scheduling house cleaning for the weekend, and composing a post-interview email?",1,0,1,1,0
"I'd like to know how to bake a cake, set a task to tidy the house this weekend, and write a follow-up email after my interview.",1,0,1,1,0
"Give me a cake baking recipe, a way to schedule house cleaning this weekend, and a sample follow-up email for my interview.",1,0,1,1,0
"I want to bake a cake, add a house cleaning task to my weekend schedule, and draft a follow-up email regarding the interview.",1,0,1,1,0
"Please provide a cake recipe, instructions on setting a house cleaning task for this weekend, and a template for a post-interview email.",1,0,1,1,0
"I require assistance with baking a cake, scheduling house cleaning for the weekend, and creating a follow-up email for the interview.",1,0,1,1,0
Please set a reminder for me to submit the report.,0,0,1,0,0
I need a reminder to submit the report.,0,0,1,0,0
Don't let me forget to submit the report.,0,0,1,0,0
Remind me to hand in the report.,0,0,1,0,0
Put a reminder in for me to submit the report.,0,0,1,0,0
Set an alert to remind me to submit the report.,0,0,1,0,0
"Give me a reminder to submit the report, please.",0,0,1,0,0
"Explain stock market mechanics, initiate the vacuum, and compose an email about the updated policy.",1,1,0,1,0
"Can you describe how the stock market functions, turn on the vacuum cleaner, and write an email concerning the new policy?",1,1,0,1,0
"I need to understand stock market operations, start the vacuum, and draft an email on the new policy.",1,1,0,1,0
"Please explain the stock market, start the vacuum cleaner, and prepare an email about the new policy.",1,1,0,1,0
"Describe the workings of the stock market, switch on the vacuum, and create an email outlining the new policy.",1,1,0,1,0
"Explain stock market mechanics, initiate the vacuum, add 'complete the project' to my to-do list, and compose an email about the new policy.",1,1,1,1,0
"I need to understand how the stock market functions, turn on the vacuum cleaner, add 'project completion' to my tasks, and write an email concerning the new policy.",1,1,1,1,0
"Can you describe the stock market's operation, start the vacuum, add 'finish the project' to my task list, and draft an email on the new policy?",1,1,1,1,0
"Tell me how the stock market works, switch on the vacuum, add 'project completion' to my to-dos, and create an email about the new policy.",1,1,1,1,0
"Please explain the stock market, begin vacuuming, add 'finish the project' to my tasks, and prepare an email addressing the new policy.",1,1,1,1,0
"I need information on the stock market's workings, start the vacuum cleaner, add 'complete the project' to my list of tasks, and write an email regarding the new policy.",1,1,1,1,0
"I need information on Roman history, and please set a reminder to pay my electricity bill.",1,0,1,0,0
"Could you tell me about the history of Rome?  Also, remind me to pay the electricity bill.",1,0,1,0,0
Give me a summary of Rome's history; please add a reminder for the electricity bill payment.,1,0,1,0,0
Research the history of Rome and schedule a reminder to pay the electricity bill.,1,0,1,0,0
I'd like to know the historical background of Rome.  Add a reminder to my calendar to pay the electricity bill.,1,0,1,0,0
"Tell me about the past of Rome, and please create a reminder to pay my electricity bill.",1,0,1,0,0
Can I get some information on the history of Rome?  And please set a reminder for paying the electricity bill.,1,0,1,0,0
Find information on the history of Rome and remind me to pay my electricity bill.,1,0,1,0,0
I want to learn about the history of Rome.  Please also remind me to pay the electricity bill.,1,0,1,0,0
"Tell me about Rome's history, and switch on the porch light.",1,1,0,0,0
"I need information on the Roman historical timeline; also, could you turn on the porch light?",1,1,0,0,0
Can you provide a historical account of Rome?  And please illuminate the porch.,1,1,0,0,0
"Give me the historical background of Rome.  By the way, activate the porch light.",1,1,0,0,0
I'd like to learn about the history of Rome.  Could you also turn on the porch light please?,1,1,0,0,0
"What's the story of Rome?  Oh, and could you please turn on the porch light?",1,1,0,0,0
"Turn on the vacuum, add 'complete the project' to my to-do list, and compose an email about the new policy.",0,1,1,1,0
"Initiate the vacuum cleaner, add 'project completion' to my tasks, and write an email concerning the new policy.",0,1,1,1,0
"Begin vacuuming, add 'finish the project' to my task list, and create a draft email explaining the new policy.",0,1,1,1,0
"Switch on the vacuum, add 'project completion' as a task, and draft an email outlining the new policy.",0,1,1,1,0
"Start the vacuum, add 'complete the project' to my to-do list, and prepare an email on the new policy.",0,1,1,1,0
"I need to start the vacuum cleaner, add 'finish the project' to my to-do list, and write an email about the new policy.",0,1,1,1,0
"First, start the vacuum.  Then, add 'finish the project' to my tasks. Finally, draft an email regarding the new policy.",0,1,1,1,0
I'd like to know how to bake a cake and schedule a house cleaning task for this weekend.,1,0,1,0,0
"Can you tell me how to bake a cake, and also how to add a house cleaning task to my to-do list for the weekend?",1,0,1,0,0
"What's the recipe for a cake, and how can I add a house cleaning chore to my weekend agenda?",1,0,1,0,0
I need instructions on baking a cake and want to add a house cleaning task to my weekend schedule.,1,0,1,0,0
Could you provide a cake recipe and explain how to create a weekend task for cleaning the house?,1,0,1,0,0
I want to bake a cake this weekend and also schedule a house cleaning task.  How do I do both?,1,0,1,0,0
Baking a cake and cleaning the house are on my weekend to-do list.  How do I approach both tasks?,1,0,1,0,0
"This weekend, I plan to bake a cake and clean the house.  What's the best way to manage both?",1,0,1,0,0
What's your all-time favorite book?,0,0,0,0,1
Is there a book you enjoy most?,0,0,0,0,1
Do you have a go-to book?,0,0,0,0,1
Which book do you like the best?,0,0,0,0,1
What's your number one favorite book?,0,0,0,0,1
"If you had to pick just one, what would be your favorite book?",0,0,0,0,1
"Among all the books you've read, which is your favorite?",0,0,0,0,1
"Out of all the books you've read, which one stands out as your favorite?",0,0,0,0,1
Turn on the home security system and email the contract.,0,1,0,1,0
Engage the home surveillance system and send the contract electronically.,0,1,0,1,0
Start the home monitoring system and forward the contract by email.,0,1,0,1,0
Activate home security and send the contract via email.,0,1,0,1,0
Switch on the home surveillance and email the contract.,0,1,0,1,0
"The home surveillance system should be activated, and the contract emailed.",0,1,0,1,0
"Email the contract; then, activate the home surveillance system.",0,1,0,1,0
Share an interesting fact with me.,0,0,0,0,1
I'd love to hear something interesting.,0,0,0,0,1
Tell me something fascinating.,0,0,0,0,1
Let's hear something interesting.,0,0,0,0,1
Give me some interesting information.,0,0,0,0,1
What interesting tidbit can you share?,0,0,0,0,1
Surprise me with something interesting.,0,0,0,0,1
Regale me with an interesting story.,0,0,0,0,1
I'm curious; tell me something interesting.,0,0,0,0,1
"Remember to call Mom tomorrow, send a project update email, and adjust the air conditioning.",0,1,1,1,0
"I need to adjust the AC, call Mom tomorrow, and email a project update.",0,1,1,1,0
"Tomorrow's to-dos: call Mom, email a project update, and adjust the air conditioner.",0,1,1,1,0
"Don't forget to call your mother tomorrow; also, send an email with the project update and adjust the air conditioning unit.",0,1,1,1,0
"Three things to do:  adjust the air conditioner, phone Mom tomorrow, and send the project update via email.",0,1,1,1,0
"My tasks include adjusting the air conditioner, calling Mom tomorrow, and emailing a project update.",0,1,1,1,0
"Air conditioner adjustment, a call to Mom tomorrow, and a project update email are all on my to-do list.",0,1,1,1,0
"Prioritize calling Mom tomorrow, sending a project update email, and adjusting the air conditioner.",0,1,1,1,0
What's your most outstanding characteristic?,0,0,0,0,1
What would you consider your strongest asset?,0,0,0,0,1
What is your most prominent attribute?,0,0,0,0,1
What's your greatest strength?,0,0,0,0,1
Can you tell me about your best quality?,0,0,0,0,1
What are you most proud of?,0,0,0,0,1
What is your key distinguishing feature?,0,0,0,0,1
What makes you unique and exceptional?,0,0,0,0,1
What is your most compelling feature?,0,0,0,0,1
Do you actually exist as a human being?,0,0,0,0,1
"Are you a human being, or something else?",0,0,0,0,1
Are you a flesh-and-blood person?,0,0,0,0,1
"In reality, are you a person?",0,0,0,0,1
Is your identity that of a real person?,0,0,0,0,1
Do you have a physical body and human consciousness?,0,0,0,0,1
"Are you a genuine person, or an AI?",0,0,0,0,1
Am I interacting with an actual human?,0,0,0,0,1
"I need to know what movie is best to watch tonight, I also need to add a task to organize my files, and finally, email the meeting summary.",1,0,1,1,0
"Could you tell me the best movie playing tonight?  Also, please add a task for me to organize my files and send out the meeting summary via email.",1,0,1,1,0
"Tonight's movie recommendations, please!  And add a to-do item to tidy up my files, then email the meeting notes.",1,0,1,1,0
What's the top movie showing tonight?  Add a task to my list: organize files.  And email the meeting summary.,1,0,1,1,0
Please recommend a movie for tonight.  I also need to schedule a task to organize my files and send the meeting summary by email.,1,0,1,1,0
Can you suggest a good movie for tonight?  Add a task to organize my files and email the meeting summary when you have a moment.,1,0,1,1,0
"Find the best movie playing tonight, add a task to my list to organize my files, and send the meeting summary in an email.",1,0,1,1,0
What's the best way to prepare a delicious meal and control the air conditioning?,1,1,0,0,0
I'd like to know how to cook a great meal while also managing the AC.,1,1,0,0,0
Can you explain how to make a perfect dish and regulate the air conditioner's temperature?,1,1,0,0,0
I need guidance on cooking a superb meal and adjusting the air conditioning settings.,1,1,0,0,0
How can I achieve both a perfectly cooked meal and a comfortable room temperature by adjusting the AC?,1,1,0,0,0
Give me the latest news update and then draft an email for Ahmed.,1,0,0,1,0
"I need the most recent news; afterwards, I need to write an email to Ahmed.",1,0,0,1,0
"Update me on the latest news, and then create an email for Ahmed.",1,0,0,1,0
"What's new, and could you also prepare an email addressed to Ahmed?",1,0,0,1,0
Tell me the latest news and prepare an email to be sent to Ahmed.,1,0,0,1,0
"Get me up to speed on the news, and then write an email to Ahmed.",1,0,0,1,0
"Find out what city is the capital of France, then close the window blinds and don't forget to water the plants.",1,1,1,0,0
"I need to know the capital of France; also, close the blinds and remember to water the plants.",1,1,1,0,0
"Please tell me France's capital city, shut the blinds, and water the plants.",1,1,1,0,0
"Could you tell me the capital city of France?  In addition, please close the window blinds and remember to water the plants.",1,1,1,0,0
"Determine the capital of France, close the window blinds, and ensure the plants are watered.",1,1,1,0,0
Three things: What's the capital of France? Close the blinds. Water the plants.,1,1,1,0,0
"I need to know who won last night's game, open the garage, schedule a passport renewal, and respond to John's email.",1,1,1,1,0
"Could you tell me the game's winner from last night, open the garage door, add a task to renew my passport, and reply to John?",1,1,1,1,0
"Please find out who won the game last night, open the garage, set a reminder to renew my passport, and answer John's email.",1,1,1,1,0
"Three things: who won last night's game, open the garage door, and add 'renew passport' to my to-do list.  Oh, and reply to John's email.",1,1,1,1,0
"Open the garage, reply to John's email, add passport renewal to my tasks, and let me know who won the game last night.",1,1,1,1,0
"My to-dos:  Find out who won the game last night, open the garage door, renew my passport, and respond to John's email.",1,1,1,1,0
"Check the game results from last night, open the garage, schedule passport renewal, and send a reply to John's email.",1,1,1,1,0
Put on some calming music in the living room.,0,1,0,0,0
Start playing soothing music in the living room.,0,1,0,0,0
Let's have some relaxing music playing in the living room.,0,1,0,0,0
Play some chill music in the living room.,0,1,0,0,0
Fill the living room with relaxing music.,0,1,0,0,0
Please add 'finish the project' to my to-do list.,0,0,1,0,0
I need to add completing the project to my tasks.,0,0,1,0,0
My tasks should include finishing the project.,0,0,1,0,0
Remember to add 'finish the project' to my list of things to do.,0,0,1,0,0
Add 'completing the project' to my task list.,0,0,1,0,0
Schedule 'finishing the project' as one of my tasks.,0,0,1,0,0
I need a reminder to call my dentist and email Sarah.,0,0,1,1,0
Please add a reminder for me to call the dentist and email Sarah.,0,0,1,1,0
"Set a reminder: call the dentist, email Sarah.",0,0,1,1,0
Remember to schedule a call with the dentist and send an email to Sarah.,0,0,1,1,0
Don't forget to call the dentist and email Sarah; please add it to my reminders.,0,0,1,1,0
Put a reminder in my calendar to call the dentist and send Sarah an email.,0,0,1,1,0
I need to remember to contact the dentist by phone and send an email to Sarah.  Add this to my reminders.,0,0,1,1,0
Add to my reminders: call the dentist and email Sarah.,0,0,1,1,0
"Don't forget to water the plants; also, what's the capital city of France?",1,0,1,0,0
"I need to know the French capital, and please remind me to water the plants.",1,0,1,0,0
"Remember to water the plants.  Incidentally, what is the capital of France?",1,0,1,0,0
"Two things: what's the capital of France, and don't forget to water the plants!",1,0,1,0,0
"Could you tell me the capital of France, and remind me to water the plants?",1,0,1,0,0
"What city is the capital of France?  Oh, and a reminder to water the plants.",1,0,1,0,0
"Tell me the time, and also set a reminder to call my dentist.",1,0,1,0,0
What's the current time?  I need to schedule a reminder to call the dentist.,1,0,1,0,0
"Could you tell me the time, and please add a reminder for me to call the dentist?",1,0,1,0,0
"I need to know the time, and I also need to add a reminder to call the dentist.",1,0,1,0,0
Please check the time and add a reminder to my calendar to call the dentist.,1,0,1,0,0
What is life's purpose?,1,0,0,0,1
What does it mean to live?,1,0,0,0,1
What is the significance of existence?,1,0,0,0,1
Why are we here?,1,0,0,0,1
What's the point of life?,1,0,0,0,1
Can you explain the meaning of life?,1,0,0,0,1
What is the essence of life?,1,0,0,0,1
Please email me the newest report.,0,0,0,1,0
Send the most recent report to me by email.,0,0,0,1,0
"Email me the latest report, please.",0,0,0,1,0
Could you forward the latest report via email?,0,0,0,1,0
I need the latest report sent to me by email.,0,0,0,1,0
"Check the weather, then arrange a team meeting and write an email to my manager.",1,0,1,1,0
"I need to know the weather forecast, schedule a meeting with my team, and prepare an email for my manager.",1,0,1,1,0
"First, what's the weather like?  After that, I need to book a team meeting and draft an email to my boss.",1,0,1,1,0
"Could you tell me the weather?  Also, I need to schedule a team meeting and compose an email to my manager.",1,0,1,1,0
"My tasks for today include checking the weather, scheduling a team meeting, and drafting an email to my manager.",1,0,1,1,0
"Today's to-dos: find out the weather, schedule a team meeting, and write an email to my manager.",1,0,1,1,0
"Turn on the garden lights, set a reminder to pay the electricity bill, and send the team the schedule via email.",0,1,1,1,0
"Activate the garden lights, schedule a reminder for the electricity bill payment, and email the team their schedule.",0,1,1,1,0
"Remember to pay the electricity bill; email the team the schedule, and switch on the garden lights.",0,1,1,1,0
The garden lights need switching on; please email the team's schedule and remind me to pay the electricity bill.,0,1,1,1,0
"Email the schedule to the team, add a reminder to pay the electricity bill, and turn on the garden lights.",0,1,1,1,0
"Don't forget to pay the electricity bill; send the team the schedule by email, and switch on the garden lights.",0,1,1,1,0
"Please ensure the garden lights are on, send the team the schedule by email, and set a reminder to pay the electricity bill.",0,1,1,1,0
"I need to switch on the garden lights, email the team their schedule, and set a payment reminder for the electricity bill.",0,1,1,1,0
"I need to know the French capital, shut the blinds, water the plants, and send a thank-you note to my professor.",1,1,1,1,0
"Could you tell me what city is the capital of France?  Also, please close the window blinds, remember to water the plants, and send my professor a thank-you email.",1,1,1,1,0
"Three things:  Find the capital of France, close the blinds, water the plants, and don't forget to email my professor to thank them.",1,1,1,1,0
"My to-dos are: determine the capital city of France, close the window blinds, water the plants, and send a thank-you email to my professor.",1,1,1,1,0
Tasks: What's the capital of France? Close the blinds. Water the plants. Send a thank-you email to my professor.,1,1,1,1,0
"Please remind me to: find the capital of France, close the blinds, water the plants, and send a thank you email to my professor.",1,1,1,1,0
"I need to: 1) learn the capital of France, 2) close the blinds, 3) water the plants, and 4) email my professor a thank you.",1,1,1,1,0
What is your objective?,0,0,0,0,1
What is your goal?,0,0,0,0,1
What do you aim to achieve?,0,0,0,0,1
What is your reason for being?,0,0,0,0,1
What's your intended function?,0,0,0,0,1
Explain your purpose.,0,0,0,0,1
Tell me your purpose.,0,0,0,0,1
What is the point of your existence?,0,0,0,0,1
What is your role?,0,0,0,0,1
What are you designed to do?,0,0,0,0,1
"I need to know who won last night's game, open the garage, and schedule a passport renewal task.",1,1,1,0,0
"Could you tell me the game's winner from last night, open the garage door, and add a passport renewal to my to-do list?",1,1,1,0,0
Open the garage door; please find out who won the game last night and remind me to renew my passport.,1,1,1,0,0
"Three things: who won the game last night, open the garage, and set a reminder to renew my passport.",1,1,1,0,0
"Check who won last night's game, open up the garage, and put a task in my calendar to renew my passport.",1,1,1,0,0
Please open the garage door.  I also need to know the winner of last night's game and add a passport renewal to my tasks.,1,1,1,0,0
Tell me the most recent news.,1,0,0,0,0
What's new?,1,0,0,0,0
Give me an update on current events.,1,0,0,0,0
What are the latest developments?,1,0,0,0,0
I'd like to hear the newest news.,1,0,0,0,0
Fill me in on the latest news.,1,0,0,0,0
What color do you like best?,0,0,0,0,1
What's your most preferred color?,0,0,0,0,1
Which color is your favorite?,0,0,0,0,1
Could you tell me your favorite color?,0,0,0,0,1
I'd like to know your favorite color.,0,0,0,0,1
What's your go-to color?,0,0,0,0,1
What color appeals to you the most?,0,0,0,0,1
"Find out the capital city of France, then close the window blinds.",1,1,0,0,0
Tell me France's capital and shut the window blinds.,1,1,0,0,0
I need to know the capital of France; please also close the window blinds.,1,1,0,0,0
"Could you tell me what city is the capital of France, and then close the blinds?",1,1,0,0,0
Please determine the capital of France and close the window blinds afterwards.,1,1,0,0,0
Can you answer what the capital of France is and then close the window blinds?,1,1,0,0,0
Remember to review the budget and send the meeting minutes to the team via email.,0,0,1,1,0
I need to check the budget and email the team the meeting notes.,0,0,1,1,0
Please add to my to-do list: review the budget and email the meeting minutes to the team.,0,0,1,1,0
"Make a note to review the budget; also, email the team the meeting minutes.",0,0,1,1,0
"The budget requires review, and the team needs the meeting minutes emailed to them.",0,0,1,1,0
Review the budget and distribute the meeting minutes to the team by email.,0,0,1,1,0
Don't forget to go over the budget and send the meeting minutes to the team in an email.,0,0,1,1,0
Add to my tasks: budget review and emailing the meeting minutes to the team.,0,0,1,1,0
"Could you tell me about Roman history, activate the garden lights, and send the team the schedule via email?",1,1,0,1,0
I need information on the history of Rome; please turn on the garden lights and email the schedule to the team.,1,1,0,1,0
"Please find out the history of Rome, switch on the garden lights, and send the team an email with the schedule.",1,1,0,1,0
"Research the history of Rome, illuminate the garden, and email the team the schedule.",1,1,0,1,0
"Can you provide a summary of Roman history, turn on the garden lights, and forward the schedule to the team by email?",1,1,0,1,0
"Give me the historical background of Rome, activate the garden lighting, and email the team the schedule.",1,1,0,1,0
"I'd like to know about the history of Rome.  Also, please turn on the garden lights and send the schedule to the team by email.",1,1,0,1,0
Do you experience dreams?,0,0,0,0,1
Do you have dreams?,0,0,0,0,1
Is dreaming a part of your experience?,0,0,0,0,1
Do dreams occur to you?,0,0,0,0,1
Do you ever dream?,0,0,0,0,1
I need a book recommendation and to book a doctor's appointment.,1,0,1,0,0
"Can you suggest a good book for me to read, and I also need to schedule a doctor's appointment.",1,0,1,0,0
"I'm looking for a reading suggestion, and I should make a doctor's appointment.",1,0,1,0,0
"What's a good book to read, and how do I schedule an appointment with my doctor?",1,0,1,0,0
I want to schedule a doctor's appointment and find a good book to read.,1,0,1,0,0
Describe your capabilities.,0,0,0,0,1
What are your functions?,0,0,0,0,1
What tasks can you perform?,0,0,0,0,1
Explain your abilities.,0,0,0,0,1
Tell me about your skillset.,0,0,0,0,1
What are you capable of doing?,0,0,0,0,1
What is your range of functionalities?,0,0,0,0,1
What are your powers?,0,0,0,0,1
What can you accomplish?,0,0,0,0,1
Enumerate your actions.,0,0,0,0,1
I need to organize my files; what's the best film showing tonight?,1,0,1,0,0
"Can you recommend a good movie for tonight, and also remind me to tidy up my files?",1,0,1,0,0
What movie should I watch tonight?  I also need to add a task to organize my files.,1,0,1,0,0
"Tonight's movie selection is important, and I should also schedule a task to sort my files.",1,0,1,0,0
"Suggest a top movie for tonight, and please add a to-do item to organize my files.",1,0,1,0,0
"While I'm deciding on a movie for tonight, could you also add a task to my list to organize my files?",1,0,1,0,0
"I'd like to know what the best movie playing tonight is, and I need to add a task to my list for file organization.",1,0,1,0,0
Respond to John's email and then open the garage door.,0,1,0,1,0
I need to open the garage door and send a reply to John's email.,0,1,0,1,0
"Please open the garage door; afterwards, reply to John's email.",0,1,0,1,0
"Open the garage door, and don't forget to answer John's email.",0,1,0,1,0
My tasks are to open the garage door and to respond to John's email.,0,1,0,1,0
"First, open the garage door.  Then, reply to John's email.",0,1,0,1,0
Answer John's email and open the garage door.,0,1,0,1,0
Garage door: open.  John's email: reply.,0,1,0,1,0
Turn on the garden lights.,0,1,0,0,0
Activate the garden lights.,0,1,0,0,0
Illuminate the garden.,0,1,0,0,0
Get the garden lights going.,0,1,0,0,0
Engage the garden lights.,0,1,0,0,0
Power on the garden lights.,0,1,0,0,0
"I need to find a good book to read, listen to some calming music, book a doctor's appointment, and write an email to my client.",1,1,1,1,0
"Can you suggest a relaxing book, some peaceful music, help me schedule a doctor's appointment, and draft an email to my client?",1,1,1,1,0
"I'd like recommendations for a good book and relaxing music, plus I need to schedule a doctor's appointment and compose an email to my client.",1,1,1,1,0
"To unwind, I want to read a good book and listen to relaxing music; additionally, I must schedule a doctor's appointment and email my client.",1,1,1,1,0
"My to-do list includes finding a captivating book, playing soothing music, booking a doctor's appointment, and composing an email to my client.",1,1,1,1,0
I'm looking for a good book and relaxing music to enjoy while also needing to schedule a doctor's appointment and email my client.,1,1,1,1,0
Suggest a good book and some relaxing music; I also need to make a doctor's appointment and send an email to my client.,1,1,1,1,0
"Please open the living room curtains, add a to-do item for file organization, and send the meeting summary via email.",0,1,1,1,0
"I need to open the living room curtains, add 'organize files' to my task list, and email the meeting summary.",0,1,1,1,0
Add 'organize files' to my tasks; email the meeting summary; and open the living room curtains.,0,1,1,1,0
"My tasks: open the living room curtains, organize my files, and email the meeting summary.",0,1,1,1,0
"First, open the living room curtains.  Then, add a task to organize my files. Finally, email the meeting summary.",0,1,1,1,0
Living room curtains: open. Task: organize files. Email: meeting summary.,0,1,1,1,0
"Action items: open living room curtains, add file organization to my to-do list, send meeting summary by email.",0,1,1,1,0
My love for you is immense.,0,0,0,0,1
I adore you.,0,0,0,0,1
You are loved by me.,0,0,0,0,1
I'm deeply in love with you.,0,0,0,0,1
I have strong feelings for you.,0,0,0,0,1
I cherish you.,0,0,0,0,1
My heart belongs to you.,0,0,0,0,1
I'm completely smitten with you.,0,0,0,0,1
Words can't express how much I love you.,0,0,0,0,1
You mean the world to me.,0,0,0,0,1
Put 'buy groceries' on my to-do list and write an email to Ahmed.,0,0,1,1,0
I need to add 'buy groceries' to my list and draft an email for Ahmed.,0,0,1,1,0
Remember to add 'purchase groceries' to my tasks and email Ahmed.,0,0,1,1,0
"My to-do list needs 'buy groceries', and I also need to compose an email to Ahmed.",0,0,1,1,0
Add 'groceries' to my shopping list and send an email to Ahmed.,0,0,1,1,0
Schedule 'buy groceries' and email Ahmed.,0,0,1,1,0
Create a task for buying groceries and send Ahmed an email.,0,0,1,1,0
"I need to find a good book to read, book a doctor's appointment, and write an email to my client.",1,0,1,1,0
"Can you recommend a good book for me to read?  Also, I need to schedule a doctor's appointment and draft an email to my client.",1,0,1,1,0
"I have three things to do: choose a book to read, make a doctor's appointment, and email my client.",1,0,1,1,0
"My to-do list includes finding a good book, scheduling a doctor's appointment, and composing an email to my client.",1,0,1,1,0
"I'm looking for a book recommendation, and I also need to schedule a doctor's appointment and send an email to my client.",1,0,1,1,0
"Suggest a good book, and remind me to schedule my doctor's appointment and email my client.",1,0,1,1,0
"I need to select a book to read, arrange a visit with my doctor, and prepare an email for my client.",1,0,1,1,0
"Could you tell me the game's winner from last night, and also, please activate the security alarm.",1,1,0,0,0
"I need to know who won last night's game; additionally, activate the security alarm.",1,1,0,0,0
Please find out who won the game last night and then activate the security alarm.,1,1,0,0,0
Can you tell me the results of last night's game and trigger the security alarm?,1,1,0,0,0
What was the outcome of last night's game?  And please activate the security system.,1,1,0,0,0
"Who emerged victorious in last night's game?  Activate the alarm system, please.",1,1,0,0,0
Put on some calming music and book a doctor's appointment.,0,1,1,0,0
Listen to soothing music while you arrange a visit with your doctor.,0,1,1,0,0
Schedule a doctor's appointment and play some relaxing music in the background.,0,1,1,0,0
Find some relaxing tunes and then make an appointment to see the doctor.,0,1,1,0,0
Create a calming atmosphere with relaxing music before scheduling your doctor's appointment.,0,1,1,0,0
Make your doctor's appointment and then unwind with some relaxing music.,0,1,1,0,0
What can you do?,0,0,0,0,1
What are your functions?,0,0,0,0,1
What are your skills and abilities?,0,0,0,0,1
Describe your range of capabilities.,0,0,0,0,1
What is the extent of your abilities?,0,0,0,0,1
What are you capable of?,0,0,0,0,1
What tasks can you perform?,0,0,0,0,1
What are your powers?,0,0,0,0,1
What can you achieve?,0,0,0,0,1
What are your strengths?,0,0,0,0,1
Would you mind sharing a story with me?,0,0,0,0,1
"I'd love to hear a story, if you have one.",0,0,0,0,1
Do you have a story you could tell me?,0,0,0,0,1
Could you recount a tale for me?,0,0,0,0,1
"Story time, please!",0,0,0,0,1
I'm looking forward to hearing a story.,0,0,0,0,1
"What steps can I take to boost productivity, trigger the security alarm, and make a note to review the budget?",1,1,1,0,0
"I need to know how to enhance productivity, engage the security alarm, and add a budget review note to my to-do list.",1,1,1,0,0
"Can you guide me on improving productivity, activating the alarm system, and adding a reminder to check the budget?",1,1,1,0,0
"How can I increase my productivity, sound the security alarm, and jot down a note about reviewing the budget?",1,1,1,0,0
"To improve productivity, activate the alarm, and remember to review the budget, what's the procedure?",1,1,1,0,0
"My goals are to increase productivity, set off the security alarm, and create a note to revisit the budget. How do I achieve this?",1,1,1,0,0
"Explain how to enhance productivity, start the security alarm, and add a reminder for budget review.",1,1,1,0,0
Turn on the vacuum cleaner.,0,1,0,0,0
Switch on the vacuum.,0,1,0,0,0
Activate the vacuum cleaner.,0,1,0,0,0
Get the vacuum cleaner going.,0,1,0,0,0
Begin using the vacuum cleaner.,0,1,0,0,0
Start up the vacuum cleaner.,0,1,0,0,0
What's the weather like today?,1,0,0,0,0
Can you tell me about today's weather?,1,0,0,0,0
What's the forecast for today?,1,0,0,0,0
How's the weather looking today?,1,0,0,0,0
Could you give me a weather update for today?,1,0,0,0,0
What kind of weather are we having today?,1,0,0,0,0
"Turn down the thermostat overnight, add 'finish reading the book' to my to-do list, and write an email to the support team.",0,1,1,1,0
"Before bed, lower the thermostat, add 'finish the book' to my tasks, and draft an email to support.",0,1,1,1,0
"Tonight, reduce the thermostat setting, add 'complete book' to my list, and email the support team.",0,1,1,1,0
"Remember to lower the thermostat for the night, add finishing the book to my to-do list, and send an email to the support team.",0,1,1,1,0
"My to-do list needs 'finish reading the book' added, and I should also lower the thermostat and email support.",0,1,1,1,0
"I need to decrease the thermostat temperature for the night, email the support team, and add 'finish reading the book' to my tasks.",0,1,1,1,0
"Add 'finish reading the book' to my to-do list, send an email to the support team, and lower the thermostat for the night.",0,1,1,1,0
"For tonight: lower the thermostat, email support, and add 'finish reading the book' to my to-do list.",0,1,1,1,0
What is your learning process?,0,0,0,0,1
Describe your learning methods.,0,0,0,0,1
Explain how you acquire knowledge.,0,0,0,0,1
Can you detail your learning mechanisms?,0,0,0,0,1
How do you acquire new information and skills?,0,0,0,0,1
What's your approach to learning?,0,0,0,0,1
Tell me about your learning style.,0,0,0,0,1
What methods do you use to learn?,0,0,0,0,1
In what ways do you learn effectively?,0,0,0,0,1
How does your learning take place?,0,0,0,0,1
"Turn on the garden lights; also, remember to pay the electricity bill.",0,1,1,0,0
Activate the garden lights and set a reminder to pay your electricity bill.,0,1,1,0,0
"Remember to pay the electricity bill, and switch on the garden lights.",0,1,1,0,0
"The garden lights need switching on, and please add a reminder to pay the electricity bill.",0,1,1,0,0
"Don't forget to pay the electricity bill, and make sure the garden lights are on.",0,1,1,0,0
"Add 'pay electricity bill' to your to-do list, and turn on the garden lights.",0,1,1,0,0
Please switch on the garden lights and schedule a payment reminder for the electricity bill.,0,1,1,0,0
Turn down the thermostat before bed.,0,1,0,0,0
Reduce the thermostat setting overnight.,0,1,0,0,0
Lower the thermostat's temperature for the night.,0,1,0,0,0
Set a lower thermostat temperature for tonight.,0,1,0,0,0
Adjust the thermostat to a lower temperature for the night.,0,1,0,0,0
What do you enjoy doing in your free time?,0,0,0,0,1
What's your go-to pastime?,0,0,0,0,1
What activity do you find most enjoyable?,0,0,0,0,1
Which hobby brings you the most pleasure?,0,0,0,0,1
What's your favorite leisure activity?,0,0,0,0,1
Could you tell me about your favorite hobby?,0,0,0,0,1
What do you like to do for fun?,0,0,0,0,1
What are you passionate about doing in your spare time?,0,0,0,0,1
Give mom a call tomorrow.,0,0,1,0,0
Don't forget to phone your mother tomorrow.,0,0,1,0,0
Make sure you call your mom tomorrow.,0,0,1,0,0
Call your mother tomorrow.,0,0,1,0,0
"Tomorrow, remember to call your mom.",0,0,1,0,0
Put a call to mom on your schedule for tomorrow.,0,0,1,0,0
Your mom needs a call from you tomorrow.,0,0,1,0,0
Send the meeting summary via email.,0,0,0,1,0
Please email me the meeting summary.,0,0,0,1,0
Forward the meeting summary to me by email.,0,0,0,1,0
The meeting summary should be emailed.,0,0,0,1,0
Email a summary of the meeting.,0,0,0,1,0
Could you please email the meeting summary?,0,0,0,1,0
Send an email containing the meeting summary.,0,0,0,1,0
Switch off the kitchen lights.,0,1,0,0,0
Extinguish the kitchen lights.,0,1,0,0,0
Make sure the kitchen lights are off.,0,1,0,0,0
The kitchen lights should be turned off.,0,1,0,0,0
Please turn the kitchen lights off.,0,1,0,0,0
Could you switch off the lights in the kitchen?,0,1,0,0,0
Don't forget to turn off the lights in the kitchen.,0,1,0,0,0
"I need to find a quality restaurant, regulate the AC, remember to phone Mom tomorrow, and send a project update email.",1,1,1,1,0
"Could you help me locate a great restaurant?  Also, I need to adjust the air conditioning, remember to call my mother tomorrow, and send an email with a project update.",1,1,1,1,0
"My to-dos include: finding a good restaurant, adjusting the air conditioner's temperature, calling Mom tomorrow, and emailing a project update.",1,1,1,1,0
"I have several tasks: find a decent restaurant, change the air conditioner settings, remember to call my mom tomorrow, and send a project progress email.",1,1,1,1,0
"To-do list: locate a reputable restaurant, adjust the AC, make a call to Mom tomorrow, and send an email with the project update.",1,1,1,1,0
"Restaurant recommendation needed!  Plus, I need to adjust the AC, remember to call Mom tomorrow, and send a project update via email.",1,1,1,1,0
Turn on the vacuum cleaner and add 'complete the project' to my to-do list.,0,1,1,0,0
Begin vacuuming and add 'project completion' to my task list.,0,1,1,0,0
Switch on the vacuum and add 'finish the project' to my pending tasks.,0,1,1,0,0
Activate the vacuum cleaner and add 'project completion' as a task.,0,1,1,0,0
I need to start vacuuming and add 'finishing the project' to my list of things to do.,0,1,1,0,0
Please add 'finish the project' to my tasks; I'll start the vacuum cleaner now.,0,1,1,0,0
"First, I'll start the vacuum; then, I'll add 'finish the project' to my tasks.",0,1,1,0,0
My tasks include finishing the project; I'll start the vacuum cleaner now.,0,1,1,0,0
Could you simplify quantum physics for me?,1,0,0,0,0
Can you give me a basic explanation of quantum physics?,1,0,0,0,0
Explain quantum physics in an easy-to-understand way.,1,0,0,0,0
I'd appreciate a simple explanation of quantum physics.,1,0,0,0,0
Could you dumb down quantum physics for me?,1,0,0,0,0
Can you make quantum physics understandable for a layman?,1,0,0,0,0
"In simple terms, what is quantum physics?",1,0,0,0,0
Please explain quantum physics in a way that's easy to grasp.,1,0,0,0,0
"How far away is the Moon, and could you please turn down the thermostat for tonight?",1,1,0,0,0
"I need to know the lunar distance, and also, set the thermostat lower for the night.",1,1,0,0,0
"Could you tell me the distance to the Moon?  And while you're at it, lower the thermostat overnight.",1,1,0,0,0
What's the Moon's distance from here?  Please reduce the thermostat setting for tonight.,1,1,0,0,0
Find out the distance to the Moon and adjust the thermostat to a lower temperature for tonight.,1,1,0,0,0
Prepare the dining room's ambiance and write a follow-up email regarding the interview.,0,1,0,1,0
Dim the lights in the dining room and compose a follow-up email after the interview.,0,1,0,1,0
Set the lighting in the dining area and create a follow-up email about the interview.,0,1,0,1,0
"Adjust the lighting for a pleasant atmosphere in the dining room, then draft a follow-up email concerning the interview.",0,1,0,1,0
Create the right mood with the lighting in the dining room and then write a post-interview email.,0,1,0,1,0
"Give me the latest news; also, add 'buy groceries' to my to-do list and write an email to Ahmed.",1,0,1,1,0
"I need a news update, please add 'buy groceries' to my list, and draft an email for Ahmed.",1,0,1,1,0
"Update me on the news, then add 'groceries' to my shopping list and create an email for Ahmed.",1,0,1,1,0
"What's new?  My to-do list needs 'buy groceries', and I also need to compose an email to Ahmed.",1,0,1,1,0
Tell me the latest news; please add purchasing groceries to my task list and email Ahmed.,1,0,1,1,0
Could you give me a news update and add 'buy groceries' to my list?  I also need to write an email to Ahmed.,1,0,1,1,0
Turn down the air conditioner.,0,1,0,0,0
Lower the air conditioner's temperature.,0,1,0,0,0
Make the air conditioner colder.,0,1,0,0,0
Set a lower temperature on the air conditioner.,0,1,0,0,0
Reduce the air conditioner's temperature setting.,0,1,0,0,0
Cool down the room by adjusting the AC.,0,1,0,0,0
Put the air conditioner on a cooler setting.,0,1,0,0,0
"Turn on the security alarm; also, remember to review the budget and send the team the meeting minutes via email.",0,1,1,1,0
"Engage the security system, make a note to check the budget, and email the meeting notes to the team.",0,1,1,1,0
The security alarm needs activating; please also add a budget review to your to-do list and email the meeting minutes to the team.,0,1,1,1,0
"Activate the alarm, schedule a budget review, and distribute the meeting minutes to the team by email.",0,1,1,1,0
"Set the security alarm, note that the budget requires review, and email the meeting minutes to the team members.",0,1,1,1,0
"Remember to switch on the security alarm, review the budget, and send the meeting minutes to the team via email.",0,1,1,1,0
"Explain the mechanics of the stock market, then turn on the vacuum cleaner.",1,1,0,0,0
Can you describe how the stock market functions and also switch on the vacuum?,1,1,0,0,0
"I need to understand stock market operations; afterwards, I'll start the vacuum cleaner.",1,1,0,0,0
Please explain the stock market's workings and initiate the vacuum cleaner.,1,1,0,0,0
Describe the stock market's functionality and begin vacuuming.,1,1,0,0,0
Could you please email invitations for the event and also tell me about the advantages of meditation?,1,0,0,1,0
I'd like to know the benefits of meditation; please also send out event invitations via email.,1,0,0,1,0
"Email invitations for the event, and let me know what the upsides of meditation are.",1,0,0,1,0
Please send event invitations by email and explain the advantages of meditation.,1,0,0,1,0
Can you list the benefits of meditation and send email invites for the event?,1,0,0,1,0
"Inform me of the advantages of meditation, and send out email invitations for the event.",1,0,0,1,0
"What are the positive effects of meditation?  Also, please send an email invitation for the event.",1,0,0,1,0
Describe the benefits of meditation and send email invitations to the event.,1,0,0,1,0
Are you able to sing?,0,0,0,0,1
Do you have the ability to sing?,0,0,0,0,1
Is singing something you can do?,0,0,0,0,1
Could you possibly sing?,0,0,0,0,1
Can you demonstrate your singing ability?,0,0,0,0,1
Do you possess vocal skills?,0,0,0,0,1
Are you a singer?,0,0,0,0,1
Please send the contract through email.,0,0,0,1,0
Email the contract to the relevant recipient.,0,0,0,1,0
Send the contract over email.,0,0,0,1,0
Transmit the contract electronically via email.,0,0,0,1,0
Could you forward the contract by email?,0,0,0,1,0
Change the air conditioner settings and send a project update email.,0,1,0,1,0
Send an email updating the project's status after adjusting the AC.,0,1,0,1,0
Update the project via email after making adjustments to the air conditioning.,0,1,0,1,0
"Following air conditioner adjustments, please send a project update email.",0,1,0,1,0
Air conditioner settings require adjustment; send an email with a project update afterward.,0,1,0,1,0
Please adjust the air conditioning and then send an email with a project update.,0,1,0,1,0
Remember to send a project update email once you've adjusted the air conditioner.,0,1,0,1,0
"Ensure the front door is locked, set a reminder for report submission, and email the latest report.",0,1,1,1,0
Please lock the front door; I need a reminder to submit the report and the latest report emailed to the relevant parties.,0,1,1,1,0
"Remember to lock up, submit the report (set a reminder!), and forward the latest report via email.",0,1,1,1,0
"I need to lock the front door, be reminded to submit the report, and have the latest report forwarded by email.",0,1,1,1,0
"Prioritize locking the front door, submitting the report (with a reminder), and emailing the latest version.",0,1,1,1,0
Front door: locked. Reminder: report submission. Action: email the latest report.,0,1,1,1,0
"To-do: Lock the front door, submit the report (reminder needed), and forward the latest report electronically.",0,1,1,1,0
"I need recommendations for a relaxing book, some calming music, and I should also book a doctor's appointment.",1,1,1,0,0
"Can you suggest a good book to read while listening to relaxing music?  Oh, and I need to schedule a doctor's appointment.",1,1,1,0,0
"I'm looking for a relaxing book and music to unwind with, plus I need to make a doctor's appointment.",1,1,1,0,0
"To relax, I'd like suggestions for a good book and some calming music.  Also, I must schedule a visit with my doctor.",1,1,1,0,0
"I want to find a nice book to read, play some soothing music, and remember to book my doctor's appointment.",1,1,1,0,0
Give me some ideas for a good book and relaxing music; I also need to schedule a doctor's appointment.,1,1,1,0,0
"I'm planning some relaxation time with a good book and calming music, and I need to schedule a doctor's appointment.",1,1,1,0,0
"Could you please tell me France's capital city, close the window blinds, and compose a thank-you email for my professor?",1,1,0,1,0
"I need to know the capital of France; also, please close the blinds and send a thank-you note to my professor via email.",1,1,0,1,0
"Find out what city is the capital of France, shut the blinds, and email my professor to express my gratitude.",1,1,0,1,0
"Please ascertain the capital city of France, lower the window blinds, and send an email thanking my professor.",1,1,0,1,0
Three things: What's the capital of France? Close the window blinds. And send a thank-you email to my professor.,1,1,0,1,0
"Can you answer this question: What is the capital of France?  In addition, close the blinds and send a thank you email to my professor.",1,1,0,1,0
Could you offer some guidance?,0,0,0,0,1
I'd appreciate your advice.,0,0,0,0,1
Do you have any suggestions?,0,0,0,0,1
What would you recommend?,0,0,0,0,1
Can I get your opinion?,0,0,0,0,1
I'm looking for some advice.,0,0,0,0,1
"I need to research Roman history, turn on the garden lights, set a payment reminder for the electricity bill, and send the team the schedule via email.",1,1,1,1,0
"Could you please find information on the history of Rome, activate the garden lights, remind me to pay my electricity bill, and email the schedule to the team?",1,1,1,1,0
"My tasks include: learning about the history of Rome, switching on the garden lights, adding a reminder to pay the electricity bill, and emailing the team the schedule.",1,1,1,1,0
"To-do list: research the history of Rome, illuminate the garden, schedule a payment reminder for the electricity bill, and send the team an email with the schedule.",1,1,1,1,0
"I have four things to do: investigate the history of Rome, turn on the garden lights, set a reminder to pay the electricity bill, and email the team the schedule.",1,1,1,1,0
"Please help me with the following: find information on the history of Rome, switch on the garden lights, create a reminder to pay the electricity bill, and send the schedule to the team by email.",1,1,1,1,0
"I need instructions on baking a cake, creating the right ambiance with lighting in the dining room, and scheduling a house cleaning task for this weekend.",1,1,1,0,0
"Can you guide me on how to bake a cake, set a mood with lighting in the dining area, and add a house cleaning chore to my weekend to-do list?",1,1,1,0,0
"I'd like to know how to bake a cake, prepare the dining room lighting for a specific mood, and plan to clean the house this weekend.  What steps are involved?",1,1,1,0,0
"This weekend, I want to bake a cake, set the mood lighting in the dining room, and schedule a house cleaning.  How do I accomplish each of these?",1,1,1,0,0
"My weekend plans include baking a cake, setting the mood lighting in the dining room, and cleaning the house.  Could you provide instructions for each?",1,1,1,0,0
"I'm looking for information on baking a cake, setting the mood lighting for the dining room, and creating a task for house cleaning this weekend.  How should I proceed?",1,1,1,0,0
"Baking a cake, setting the mood lighting in the dining room, and cleaning the house are on my weekend agenda.  What's the best way to approach each task?",1,1,1,0,0
Send the team an email with the schedule.,0,0,0,1,0
Please email the schedule to the team members.,0,0,0,1,0
The team should receive the schedule via email.,0,0,0,1,0
Share the schedule with the team by email.,0,0,0,1,0
Distribute the schedule to the team using email.,0,0,0,1,0
I need to schedule a house cleaning task for this weekend.,0,0,1,0,0
"Add ""clean the house"" to my to-do list for this weekend.",0,0,1,0,0
"This weekend, I'm planning to clean the house; add it to my tasks.",0,0,1,0,0
Put cleaning the house on my agenda for this weekend.,0,0,1,0,0
My weekend task: clean the house.,0,0,1,0,0
Schedule house cleaning for this weekend.,0,0,1,0,0
Make a note to clean the house this weekend.,0,0,1,0,0
Remember to clean the house this weekend; add it to your tasks.,0,0,1,0,0
Could you tell me the time?,1,0,0,0,0
Do you know what time it is?,1,0,0,0,0
What's the time?,1,0,0,0,0
I need to know the current time.,1,0,0,0,0
"May I ask for the time, please?",1,0,0,0,0
Could you please tell me the current time?,1,0,0,0,0
What sets you apart from others?,0,0,0,0,1
What are your distinguishing characteristics?,0,0,0,0,1
In what ways are you unique?,0,0,0,0,1
What makes you stand out?,0,0,0,0,1
What is it that differentiates you?,0,0,0,0,1
What are your unique qualities?,0,0,0,0,1
What makes you special?,0,0,0,0,1
What is your unique selling proposition (USP)?,0,0,0,0,1
What distinguishes you from the competition?,0,0,0,0,1
What is your competitive advantage?,0,0,0,0,1
Could you send me a meeting summary and tell me what's the best film showing tonight?,1,0,0,1,0
"Email me the meeting notes, and let me know what movie is recommended for tonight.",1,0,0,1,0
"What's a good movie to watch tonight, and please forward the meeting summary via email.",1,0,0,1,0
"I need the meeting summary emailed to me; also, what's the top-rated movie playing tonight?",1,0,0,1,0
Please email me the meeting summary.  What movie should I see tonight?,1,0,0,1,0
Send the meeting summary by email and suggest a good movie for tonight.,1,0,0,1,0
Can you email me a summary of the meeting and recommend a movie for tonight?,1,0,0,1,0
"Tonight's movie recommendations, please, and also send the meeting summary via email.",1,0,0,1,0
"Switch on the living room lights; also, email Sarah.",0,1,0,1,0
Illuminate the living room and send Sarah an email.,0,1,0,1,0
Activate the living room lights and send an email to Sarah.,0,1,0,1,0
Please turn on the living room lights and email Sarah.,0,1,0,1,0
Remember to turn on the living room lights and send an email to Sarah.,0,1,0,1,0
"Send an email to Sarah, and don't forget to switch on the living room lights.",0,1,0,1,0
Could you please turn on the living room lights and send an email to Sarah?,0,1,0,1,0
I need to turn on the living room lights and send an email to Sarah.,0,1,0,1,0
"Could you tell me the time, and also send an email to Sarah?",1,0,0,1,0
What's the current time?  Please also email Sarah.,1,0,0,1,0
"Email Sarah; and while you're at it, what time is it?",1,0,0,1,0
"I need to know the time, and I also need to send an email to Sarah.",1,0,0,1,0
Please send an email to Sarah and let me know the time.,1,0,0,1,0
"I need help with three things: beginning to program, switching on the porch light, and sending an appointment confirmation email.",1,1,0,1,0
"Can you assist me with starting to program, turning on the porch light, and emailing appointment confirmation?",1,1,0,1,0
"I'd like guidance on how to start programming, how to activate the porch light, and how to send an email confirming the appointment.",1,1,0,1,0
My questions are: 1) How do I begin programming? 2) How do I turn on the porch light? 3) How do I send an email confirming the appointment?,1,1,0,1,0
"To get started, I need help with: programming, porch light activation, and sending an appointment confirmation email.",1,1,0,1,0
"Three tasks require your assistance: initiating a programming project, illuminating the porch, and sending an email to confirm the appointment.",1,1,0,1,0
How would you describe your interpretation?,0,0,0,0,1
What's your take on this?,0,0,0,0,1
Could you share your perspective?,0,0,0,0,1
What is your rendition?,0,0,0,0,1
"In your opinion, what is it?",0,0,0,0,1
What's your take?,0,0,0,0,1
What's your version of events?,0,0,0,0,1
How do you see it?,0,0,0,0,1
What's your understanding?,0,0,0,0,1
What's your account of this?,0,0,0,0,1
"Please share a fun fact, secure the front door, and set a reminder for me to submit the report.",1,1,1,0,0
"I need a fun fact, the front door locked, and a reminder to submit that report.",1,1,1,0,0
"Could you provide an interesting fact, lock up, and remind me about the report submission?",1,1,1,0,0
"Give me a fun fact, ensure the front door is locked, and remind me to submit the report, please.",1,1,1,0,0
"Tell me something interesting, lock the front door, and don't forget to remind me to submit the report.",1,1,1,0,0
"A fun fact would be great, please lock the front door, and set a reminder for the report submission.",1,1,1,0,0
Please open the garage door.,0,1,0,0,0
Could you open the garage door?,0,1,0,0,0
Open up the garage door.,0,1,0,0,0
I need the garage door opened.,0,1,0,0,0
Get the garage door open.,0,1,0,0,0
I need a book recommendation and also need to draft an email to my client.,1,0,0,1,0
Can you suggest a good book to read while I write an email to my client?,1,0,0,1,0
I'd like a book suggestion; I also have to email my client.,1,0,0,1,0
"What's a good book to read, and I should also compose an email for my client?",1,0,0,1,0
I want to read a good book and send an email to my client.  Any book suggestions?,1,0,0,1,0
"While I'm composing an email to my client, I'd like a good book to read.",1,0,0,1,0
I need some relaxing music while I read a good book and draft an email to my client.,1,1,0,1,0
"To relax, I'd like to read a nice book, listen to calming music, and write an email to my client.",1,1,0,1,0
"While enjoying a good book and soothing music, I plan to compose an email for my client.",1,1,0,1,0
"I want to combine reading a good book, listening to relaxing music, and writing an email to my client.",1,1,0,1,0
"A good book, relaxing music, and composing an email to my client would make for a relaxing session.",1,1,0,1,0
I'm looking for a good book to read while listening to calming music and working on an email to my client.,1,1,0,1,0
"My plan is to read, listen to relaxing music, and write an email to my client; what's a good book for this?",1,1,0,1,0
Suggest a good book to read while I listen to relaxing music and compose an email to my client.,1,1,0,1,0
"Switch on the living room lights; also, remember to schedule a call with the dentist.",0,1,1,0,0
Illuminate the living room and set a reminder to phone the dentist.,0,1,1,0,0
Activate the living room lighting and add a reminder to contact the dentist.,0,1,1,0,0
"Turn the living room lights on, and don't forget to call the dentist.",0,1,1,0,0
"The living room lights need to be turned on, and please add a reminder to call your dentist.",0,1,1,0,0
Please ensure the living room lights are on and remind me to call the dentist.,0,1,1,0,0
Remember to call the dentist and switch on the living room lights.,0,1,1,0,0
What was the outcome of last night's game?,1,0,0,0,0
Which team emerged victorious in last night's game?,1,0,0,0,0
Can you tell me who was the winner of yesterday's game?,1,0,0,0,0
I'm curious to know who won the game last night.,1,0,0,0,0
Who came out on top in last night's match?,1,0,0,0,0
Who triumphed in last night's game?,1,0,0,0,0
"Share a fun fact with me, and please send the newest report by email.",1,0,0,1,0
I'd appreciate a fun fact and the latest report sent to my email address.,1,0,0,1,0
Could you email me the latest report and also tell me an interesting fact?,1,0,0,1,0
"Send the updated report via email, and please include a fun fact.",1,0,0,1,0
"Email me the recent report, and share a fun fact with me as well.",1,0,0,1,0
Please forward the latest report to my email and let me know a fun fact.,1,0,0,1,0
"Turn on the garden lights; also, send the team the schedule via email.",0,1,0,1,0
Activate the garden lights and email the schedule to the team members.,0,1,0,1,0
Email the schedule to the team and remember to switch on the garden lights.,0,1,0,1,0
The team needs the schedule emailed to them; please also turn on the garden lights.,0,1,0,1,0
Please send the team the schedule by email and ensure the garden lights are switched on.,0,1,0,1,0
Don't forget to illuminate the garden and send the team the schedule electronically.,0,1,0,1,0
Activate the garden lighting and distribute the schedule to the team by email.,0,1,0,1,0
Crack a joke for me.,0,0,0,0,1
I'd appreciate a joke.,0,0,0,0,1
Let's hear a joke.,0,0,0,0,1
Tell me something funny.,0,0,0,0,1
Give me a joke.,0,0,0,0,1
Share a joke with me.,0,0,0,0,1
Do you have any jokes?,0,0,0,0,1
I'm in the mood for a joke; tell me one.,0,0,0,0,1
"Can you give me some advice on beginning to program, and please also remind me to update my calendar?",1,0,1,0,0
I'd like to learn how to program; could you also remind me to update my calendar?,1,0,1,0,0
What's the best way to start learning to code?  Don't forget to remind me to update my calendar.,1,0,1,0,0
Where do I begin with programming?  Set a reminder for me to update my calendar.,1,0,1,0,0
"I need help getting started with programming, and a reminder to update my calendar.",1,0,1,0,0
"How can I start programming, and please add a calendar update reminder.",1,0,1,0,0
"Give me some tips on starting to code, and remind me to update my calendar.",1,0,1,0,0
"I want to learn to program – what are the first steps?  Also, remind me to update my calendar.",1,0,1,0,0
Lower the window blinds and send a thank-you note to my professor via email.,0,1,0,1,0
Please close the blinds and email my professor to express my gratitude.,0,1,0,1,0
I need to shut the window blinds and send an email thanking my professor.,0,1,0,1,0
"Send a thank-you email to my professor, and then close the window blinds.",0,1,0,1,0
Remember to close the blinds and send my professor a thank you email.,0,1,0,1,0
"Don't forget to email my professor with my thanks, and close the window blinds afterwards.",0,1,0,1,0
My to-dos: close the blinds and send a thank-you email to my professor.,0,1,0,1,0
What steps can I take to boost productivity and also open the garage door?,1,1,0,0,0
I need to increase my productivity; how can I do that and also open the garage door?,1,1,0,0,0
"How can I enhance my productivity, and as a separate task, open the garage door?",1,1,0,0,0
My goals are to improve productivity and to open the garage door.  How do I achieve both?,1,1,0,0,0
"To improve productivity and open the garage door, what's the best approach?",1,1,0,0,0
What's the best way to increase productivity while also managing to open the garage door?,1,1,0,0,0
I want to be more productive and open the garage door. What's the solution?,1,1,0,0,0
Productivity improvement and garage door opening: how can I accomplish both?,1,1,0,0,0
Arrange a conference call for Monday and email the contract.,0,0,1,1,0
Please schedule a Monday conference call; send the contract by email afterwards.,0,0,1,1,0
Set up a conference call for Monday and send the contract electronically.,0,0,1,1,0
"I need a conference call scheduled for Monday, with the contract emailed to the participants.",0,0,1,1,0
Put a conference call on the calendar for Monday and email the contract to the relevant parties.,0,0,1,1,0
A conference call is required for Monday; please also email the contract.,0,0,1,1,0
Lower the bedroom lights and start composing an email to my manager.,0,1,0,1,0
Reduce the brightness of the bedroom lights and begin writing an email to my boss.,0,1,0,1,0
Turn down the lights in the bedroom and draft a message to my manager.,0,1,0,1,0
Dim the lights in my bedroom and write an email to my manager.,0,1,0,1,0
I need to lower the bedroom lighting and create an email for my manager.,0,1,0,1,0
"Create a draft email for my manager, then dim the bedroom lights.",0,1,0,1,0
"I need to boost my productivity, make a note to check the budget, and send the team the meeting minutes via email.",1,0,1,1,0
"To increase productivity, I should add a budget review note and email the meeting minutes to the team.",1,0,1,1,0
"How can I enhance my productivity, remember to review the budget, and email the meeting notes to the team?",1,0,1,1,0
"My goals are to improve productivity, note budget review, and email meeting minutes to the team.",1,0,1,1,0
"I want to improve my productivity, add a reminder to review the budget, and send the meeting minutes to the team by email.",1,0,1,1,0
"For improved productivity, I need to remember to review the budget and email the team the meeting minutes.",1,0,1,1,0
"Please advise on improving productivity; also, I need to add a note to review the budget and email the meeting minutes to the team.",1,0,1,1,0
Email Sarah.,0,0,0,1,0
Send Sarah an email.,0,0,0,1,0
Drop Sarah a line.,0,0,0,1,0
Shoot Sarah an email.,0,0,0,1,0
Get in touch with Sarah via email.,0,0,0,1,0
Compose an email about the new policy.,0,0,0,1,0
Write an email concerning the new policy.,0,0,0,1,0
Prepare an email on the new policy.,0,0,0,1,0
Create an email addressing the new policy.,0,0,0,1,0
Put together an email about the new policy.,0,0,0,1,0
"I need to open the garage door; also, add a to-do item to renew my passport.",0,1,1,0,0
"Open the garage, and remember to schedule a passport renewal.",0,1,1,0,0
"First, open the garage door.  Then, add 'renew passport' to my task list.",0,1,1,0,0
Garage door: open.  Task: passport renewal.,0,1,1,0,0
Set a reminder to renew my passport and open the garage door.,0,1,1,0,0
Add 'renew passport' to my tasks and open the garage door.,0,1,1,0,0
My to-dos: renew passport and open the garage.,0,1,1,0,0
Turn down the thermostat overnight and add 'finish reading the book' to my to-do list.,0,1,1,0,0
"Before going to bed, lower the thermostat and add 'finish the book' to my tasks.",0,1,1,0,0
"Program the thermostat to be lower at night, and remember to add 'finish reading the book' to my schedule.",0,1,1,0,0
Reduce the thermostat's temperature for the night and include 'finish reading the book' in my list of things to do.,0,1,1,0,0
Set the thermostat lower for tonight and add 'finish reading the book' to my to-do list.,0,1,1,0,0
I need to lower the thermostat tonight and add finishing the book to my list of things to do.,0,1,1,0,0
"Tonight, lower the thermostat and add 'finish the book' to my tasks for tomorrow.",0,1,1,0,0
Remember to lower the thermostat overnight and add 'finish reading the book' to my agenda.,0,1,1,0,0
I need to add a task: organize my files and email the meeting summary.,0,0,1,1,0
Schedule a task to tidy up my files and send out the meeting summary via email.,0,0,1,1,0
Create a to-do item: file organization and emailing the meeting summary.,0,0,1,1,0
Add to my task list: file organization and sending the meeting summary by email.,0,0,1,1,0
My tasks should include organizing my files and emailing a meeting summary.,0,0,1,1,0
I must organize my files and email the meeting summary; add this as a task.,0,0,1,1,0
Add a task for organizing my files and emailing the meeting's summary report.,0,0,1,1,0
"Could you tell me the time, schedule a reminder to call my dentist, and also email Sarah?",1,0,1,1,0
What's the current time?  I need a reminder to call the dentist and an email to Sarah.,1,0,1,1,0
Please tell me the time; I need to add a reminder to call the dentist and send an email to Sarah.,1,0,1,1,0
"I need to know the time, set a reminder to phone the dentist, and email Sarah.",1,0,1,1,0
"Check the time for me, then add a reminder to call the dentist and send an email to Sarah, please.",1,0,1,1,0
"Time check, please.  Also, remind me to call the dentist and email Sarah.",1,0,1,1,0
"Ensure the front door is locked, and please remind me to submit the report.",0,1,1,0,0
"Remember to submit the report, and make sure the front door is locked.",0,1,1,0,0
"I need a reminder to submit the report; also, please lock the front door.",0,1,1,0,0
Lock up and remind me to file the report.,0,1,1,0,0
"The front door needs locking, and don't forget to remind me about the report submission.",0,1,1,0,0
"Please lock the front door; also, set a reminder for me to submit the report.",0,1,1,0,0
Set a reminder for report submission and ensure the front door is secured.,0,1,1,0,0
What is life's purpose?,0,0,0,0,1
What does it mean to live?,0,0,0,0,1
What is the significance of existence?,0,0,0,0,1
Why are we here?,0,0,0,0,1
What's the point of life?,0,0,0,0,1
Can life's meaning be defined?,0,0,0,0,1
Is there an inherent meaning to life?,0,0,0,0,1
What is the ultimate goal of life?,0,0,0,0,1
Don't forget to water the plants and send a thank-you note to my professor.,0,0,1,1,0
I need to remember to water my plants and email my professor to express my gratitude.,0,0,1,1,0
Make sure you water the plants and send an email thanking my professor.,0,0,1,1,0
Watering the plants and emailing a thank you to my professor are on my to-do list.,0,0,1,1,0
It's important to remember to tend to the plants and send my professor a thank-you email.,0,0,1,1,0
Please remind me to water the plants and send a thank you email to my professor.,0,0,1,1,0
My tasks include watering the plants and sending a thank-you email to my professor.,0,0,1,1,0
I need to book a doctor's appointment and write an email to my client.,0,0,1,1,0
Make a doctor's appointment for me and draft an email to my client.,0,0,1,1,0
Please schedule a meeting with my doctor and create an email for my client.,0,0,1,1,0
Remember to book an appointment with the doctor and to email my client.,0,0,1,1,0
I must arrange a visit to the doctor and prepare an email to send to my client.,0,0,1,1,0
Add to my calendar: doctor's appointment and email to client.,0,0,1,1,0
Doctor appointment and client email need scheduling.,0,0,1,1,0
Don't forget to water your plants.,0,0,1,0,0
Make sure you water the plants.,0,0,1,0,0
Water the plants.,0,0,1,0,0
Give the plants some water.,0,0,1,0,0
The plants need watering.,0,0,1,0,0
Remember to give the plants water.,0,0,1,0,0
"Could you please clarify quantum physics, arrange a conference call for Monday, and email the contract?",1,0,1,1,0
"I need an explanation of quantum physics, a conference call scheduled for Monday, and the contract forwarded to me via email.",1,0,1,1,0
"Please explain quantum physics, set up a conference call for Monday, and send the contract by email.",1,0,1,1,0
"Can you provide a quantum physics explanation, book a conference call for Monday, and email me the contract?",1,0,1,1,0
"Schedule a Monday conference call, email the contract, and give me an explanation of quantum physics.",1,0,1,1,0
"I require an explanation on quantum physics, a conference call scheduled for this coming Monday, and the contract sent via email.",1,0,1,1,0
Shut the window blinds.,0,1,0,0,0
Pull down the window blinds.,0,1,0,0,0
Lower the window blinds.,0,1,0,0,0
Draw the window blinds.,0,1,0,0,0
Cover the windows with the blinds.,0,1,0,0,0
Make a doctor's appointment.,0,0,1,0,0
Book an appointment to see the doctor.,0,0,1,0,0
I need to schedule a visit with my doctor.,0,0,1,0,0
Set up a time to meet with the doctor.,0,0,1,0,0
Arrange a consultation with the doctor.,0,0,1,0,0
I need to locate a quality restaurant and also send a project update email.,1,0,0,1,0
"Could you recommend a good restaurant, and I also need to send an email with a project update.",1,0,0,1,0
"I'm looking for a decent restaurant; additionally, I must send an email to update everyone on the project.",1,0,0,1,0
"Where's a good place to eat, and I need to send out a project update email?",1,0,0,1,0
"Can you suggest a nice restaurant, and I have to email a project update?",1,0,0,1,0
I'm searching for a reputable restaurant and need to send a project progress email.,1,0,0,1,0
Finding a good restaurant and sending a project update email are both on my to-do list.,1,0,0,1,0
I need to find a great restaurant and then send an email to update on the project's progress.,1,0,0,1,0
"Shut the blinds, water the plants, and send a thank-you note to my professor.",0,1,1,1,0
"Lower the window blinds, don't forget to water the plants, and email my professor to express my gratitude.",0,1,1,1,0
"Remember to water the plants and send a thank you email to my professor; also, close the window blinds.",0,1,1,1,0
"I need to close the blinds, water my plants, and send a thank-you email to my professor.",0,1,1,1,0
"My to-dos are: close the window blinds, water the plants, and send a thank-you email to my professor.",0,1,1,1,0
"Ensure the window blinds are closed, the plants are watered, and a thank-you email is sent to my professor.",0,1,1,1,0
"Don't forget to close the blinds, water the plants, and send my professor a thank-you email.",0,1,1,1,0
What's your opinion on humanity?,0,0,0,0,1
How do you feel about humankind?,0,0,0,0,1
What are your thoughts on the human race?,0,0,0,0,1
What is your perspective on humans?,0,0,0,0,1
What's your take on human beings?,0,0,0,0,1
Tell me your views on humans.,0,0,0,0,1
Could you share your assessment of humanity?,0,0,0,0,1
What's your evaluation of humans?,0,0,0,0,1
How do you regard humans?,0,0,0,0,1
What is your judgment of humankind?,0,0,0,0,1
Draft an email for the support team.,0,0,0,1,0
Write an email to the support team.,0,0,0,1,0
Create an email message for the support team.,0,0,0,1,0
Send an email to the support team.,0,0,0,1,0
Email the support team.,0,0,0,1,0
Get in touch with the support team via email.,0,0,0,1,0
"Check the weather, lower the bedroom lights, arrange a team meeting, and write a draft email to my manager.",1,1,1,1,0
"Tell me about today's weather; then, dim the lights in the bedroom, schedule a meeting with my team, and prepare an email for my manager.",1,1,1,1,0
"I need to know the weather forecast, dim the lights in my bedroom, set up a meeting with my team, and compose an email to my manager.",1,1,1,1,0
"What's the weather like?  Please dim the bedroom lights, schedule a meeting with my team, and draft an email to my manager.",1,1,1,1,0
"Could you tell me the weather, dim the bedroom lighting, book a meeting with my team, and create a draft email for my manager?",1,1,1,1,0
"Find out today's weather, reduce the brightness of the bedroom lights, put a team meeting on the calendar, and start writing an email to my manager.",1,1,1,1,0
Please send an email with a project update.,0,0,0,1,0
Send out an email providing a project update.,0,0,0,1,0
Email everyone with the latest project information.,0,0,0,1,0
Share a project update via email.,0,0,0,1,0
Update everyone on the project's progress via email.,0,0,0,1,0
Can you experience feelings?,0,0,0,0,1
Do you have the capacity to feel?,0,0,0,0,1
Is feeling something you're designed to do?,0,0,0,0,1
Are you capable of experiencing emotions?,0,0,0,0,1
Were you built to feel emotions?,0,0,0,0,1
Do you possess the ability to feel?,0,0,0,0,1
Is feeling part of your programming?,0,0,0,0,1
"In your programming, is there a component for feelings?",0,0,0,0,1
Does your programming include the capacity for emotions?,0,0,0,0,1
Are emotions something you're designed to process?,0,0,0,0,1
Can you tell me about the history of Rome?,1,0,0,0,0
I'd like to learn about Rome's historical past.,1,0,0,0,0
Give me some information on the history of Rome.,1,0,0,0,0
What's the historical background of Rome?,1,0,0,0,0
Could you provide a summary of Rome's history?,1,0,0,0,0
Tell me about the historical development of Rome.,1,0,0,0,0
I want to know the story of Rome throughout history.,1,0,0,0,0
Describe the historical journey of Rome.,1,0,0,0,0
Please add 'buy groceries' to my task list.,0,0,1,0,0
Put 'buy groceries' on my to-do list.,0,0,1,0,0
My to-do list needs 'buy groceries' added to it.,0,0,1,0,0
Remember to add 'buy groceries' to my to-do list.,0,0,1,0,0
I need to add 'buy groceries' to my list of things to do.,0,0,1,0,0
Don't forget to add 'purchasing groceries' to my to-do list.,0,0,1,0,0
Arrange a conference call for Monday.,0,0,1,0,0
Plan a conference call for this coming Monday.,0,0,1,0,0
Put a conference call on the calendar for Monday.,0,0,1,0,0
Book a conference call for Monday.,0,0,1,0,0
I need a conference call scheduled for Monday.,0,0,1,0,0
"I need to know what movie's playing tonight, open the living room curtains, and add a task to my to-do list: organize my files.",1,1,1,0,0
"Tell me the best film showing tonight; then, open the living room drapes and schedule a task to tidy up my files.",1,1,1,0,0
"Can you recommend a movie for tonight?  Also, please open the living room curtains and add 'organize files' to my tasks.",1,1,1,0,0
What's the top-rated movie playing tonight?  Open the living room curtains and add file organization to my to-do list.,1,1,1,0,0
"Find out what movie is best to watch tonight, open the living room curtains, and remember to add organizing my files to my tasks.",1,1,1,0,0
"Tonight's movie recommendations, please!  And could you open the living room curtains and add a file organization task?",1,1,1,0,0
"I need to know the best movie playing tonight, I need you to open the living room curtains, and I need to add a task to organize my files.",1,1,1,0,0
"Check what movie is playing tonight, open the living room curtains, and add 'organize files' to my task list.",1,1,1,0,0
"I need to understand the meaning of life, and also write an email to the support team.",1,0,0,1,0
"Compose an email to the support team; additionally, I'd like to explore the meaning of life.",1,0,0,1,0
Can you help me find the meaning of life?  I also need to draft an email to the support team.,1,0,0,1,0
Two tasks:  figure out the meaning of life and send an email to the support team.,1,0,0,1,0
I have two things to do:  research the meaning of life and email the support team.,1,0,0,1,0
Email the support team and also contemplate the meaning of life.,1,0,0,1,0
My to-do list includes:  understanding the meaning of life and contacting the support team via email.,1,0,0,1,0
"Could you clarify quantum physics, engage the home security system, and email the contract?",1,1,0,1,0
"I need an explanation of quantum physics, the home surveillance system activated, and the contract forwarded by email.",1,1,0,1,0
"Please elucidate quantum physics, turn on the home security system, and send the contract via email.",1,1,0,1,0
"Explain quantum physics, start the home surveillance, and email me the contract.",1,1,0,1,0
"Can you provide a quantum physics explanation, activate home monitoring, and send the contract electronically?",1,1,0,1,0
"I require an explanation of quantum physics, activation of the home surveillance system, and email transmission of the contract.",1,1,0,1,0
"I need to find a decent restaurant, regulate the AC, and make sure I call Mom tomorrow.",1,1,1,0,0
"Could you help me locate a good restaurant, then I need to adjust the air conditioning and remember to call my mother tomorrow.",1,1,1,0,0
"I'm looking for a nice restaurant; also, I need to adjust the air conditioner and remember to call my mom tomorrow.",1,1,1,0,0
"My tasks for today are: find a good restaurant, adjust the air conditioning, and call Mom tomorrow.",1,1,1,0,0
"To-do list: find a quality restaurant, fix the AC, and don't forget to call Mom tomorrow.",1,1,1,0,0
"I have three things to do: find a great restaurant, adjust the temperature, and call my mother tomorrow.",1,1,1,0,0
"Finding a good restaurant, adjusting the air conditioner, and calling Mom tomorrow are on my to-do list.",1,1,1,0,0
What is your primary role?,0,0,0,0,1
What's your principal function?,0,0,0,0,1
What is your core purpose?,0,0,0,0,1
What do you mainly do?,0,0,0,0,1
What's your key responsibility?,0,0,0,0,1
Could you describe your main task?,0,0,0,0,1
What is your primary objective?,0,0,0,0,1
What's your most important job?,0,0,0,0,1
"Give me the latest news update, and then adjust the thermostat to 22 degrees.",1,1,0,0,0
"I need a news update, and please set the thermostat to 22 degrees.",1,1,0,0,0
"What's new?  Also, could you set the thermostat to 22 degrees?",1,1,0,0,0
Update me on the news and make sure the thermostat is set to 22 degrees.,1,1,0,0,0
Check the news for me and change the thermostat to 22 degrees.,1,1,0,0,0
"Tell me what's happening in the news, and set the temperature to 22 degrees on the thermostat.",1,1,0,0,0
"I need the latest news; please set the thermostat to 22 degrees, add 'buy groceries' to my to-do list, and write an email to Ahmed.",1,1,1,1,0
"Could you give me an update on the news, adjust the thermostat to 22 degrees, add 'buy groceries' to my tasks, and draft an email for Ahmed?",1,1,1,1,0
"Update me on current events, set the temperature to 22 degrees, remember to buy groceries, and email Ahmed.",1,1,1,1,0
"Tell me what's happening, change the thermostat to 22 degrees, add groceries to my shopping list, and send an email to Ahmed.",1,1,1,1,0
"Check the news, set the thermostat for 22 degrees, put 'buy groceries' on my to-do list, and email Ahmed.",1,1,1,1,0
"Give me a news update; please set the thermostat to 22°C, add 'buy groceries' to my list of things to do, and compose an email to Ahmed.",1,1,1,1,0
Please remind me to submit the report and email the latest version.,0,0,1,1,0
Set a reminder for me to submit the report and send the updated report via email.,0,0,1,1,0
I need a reminder to submit the report and to forward the newest report by email.,0,0,1,1,0
Don't let me forget to submit the report and email the latest one.,0,0,1,1,0
Put a reminder in for me to submit the report and send the latest report electronically.,0,0,1,1,0
Could you remind me to submit the report and email the updated report?,0,0,1,1,0
Remind me to file the report and email the current version.,0,0,1,1,0
Can you feel emotions?,0,0,0,0,1
Do you experience emotions?,0,0,0,0,1
Are you capable of feeling emotions?,0,0,0,0,1
Do emotions affect you?,0,0,0,0,1
Do you possess the capacity for emotions?,0,0,0,0,1
Are you emotionally responsive?,0,0,0,0,1
Do you have an emotional range?,0,0,0,0,1
Do your actions reflect emotions?,0,0,0,0,1
What is your origin?,0,0,0,0,1
Who is your creator?,0,0,0,0,1
Who developed you?,0,0,0,0,1
Who built you?,0,0,0,0,1
Who brought you into existence?,0,0,0,0,1
By whom were you made?,0,0,0,0,1
Who designed you?,0,0,0,0,1
Who is responsible for your creation?,0,0,0,0,1
Who is your architect?,0,0,0,0,1
What is your genesis?,0,0,0,0,1
Please remind me to update my calendar and send a confirmation email for the appointment.,0,0,1,1,0
I need a reminder to update my calendar and email confirmation for the appointment.,0,0,1,1,0
Set a reminder: update calendar & send appointment confirmation email.,0,0,1,1,0
Don't forget to remind me to update my calendar and send an email confirming the appointment details.,0,0,1,1,0
Remind me to schedule the appointment on my calendar and send a confirmation email.,0,0,1,1,0
Put a reminder to update my calendar and send out an email confirming the appointment.,0,0,1,1,0
I need a reminder to both update my calendar and send a confirmation email for this appointment.,0,0,1,1,0
How far is the Moon from Earth?,1,0,0,0,0
What is the Earth-Moon distance?,1,0,0,0,0
Could you tell me the distance between the Earth and the Moon?,1,0,0,0,0
I'd like to know how far apart Earth and the Moon are.,1,0,0,0,0
Can you provide the Earth to Moon distance?,1,0,0,0,0
What's the separation between Earth and the Moon?,1,0,0,0,0
"Could you tell me about today's weather, and I also need to write an email to my manager.",1,0,0,1,0
What's the weather forecast for today?  I should also compose an email to my boss.,1,0,0,1,0
I need to check the weather and prepare an email for my manager.,1,0,0,1,0
"Can you give me a weather update, and I have to draft an email to my manager?",1,0,0,1,0
I need to know the weather conditions for today and send an email to my manager.,1,0,0,1,0
Can you explain how the stock market functions?,1,0,0,0,0
What is the mechanism behind the stock market?,1,0,0,0,0
Explain the workings of the stock market.,1,0,0,0,0
How does the stock market operate?,1,0,0,0,0
Could you describe the process of the stock market?,1,0,0,0,0
I'd like to understand the mechanics of the stock market.,1,0,0,0,0
What's involved in the functioning of the stock market?,1,0,0,0,0
"Lower the bedroom's lighting, arrange a team meeting, and compose an email to my manager.",0,1,1,1,0
"Reduce the brightness of the bedroom lights, put a meeting with my team on the calendar, and write an email to my boss.",0,1,1,1,0
"I need to dim the lights in my bedroom, schedule a meeting with my team, and draft an email for my manager.",0,1,1,1,0
"Turn down the lights in the bedroom, book a meeting with my team, and prepare an email to send to my manager.",0,1,1,1,0
"Set the bedroom lights to low, plan a meeting with my team, and create an email for my manager.",0,1,1,1,0
The bedroom lights should be dimmed; I also need to schedule a team meeting and write an email to my manager.,0,1,1,1,0
"Could you please send an event invitation email, remind me to work out at 6 PM, and tell me about the advantages of meditation?",1,0,1,1,0
"I need a reminder to exercise at 6 PM, an invitation email for the event, and information on the upsides of meditation.",1,0,1,1,0
"Send an event invitation, set a 6 PM workout reminder, and list the benefits of meditation.",1,0,1,1,0
"Please remind me to exercise at 6 PM and send out the event invitations; also, what are the advantages of meditation?",1,0,1,1,0
"Remind me to exercise at 6 p.m., email the event invitations, and explain the positive effects of meditation.",1,0,1,1,0
"Email the event invitations, set a reminder for a 6 PM workout, and detail the benefits of meditation.",1,0,1,1,0
"What are the positive aspects of meditation?  Also, please send event invitations and set a reminder for a 6 PM workout.",1,0,1,1,0
"I need to know the advantages of meditation, send event invitations, and set a reminder to exercise at 6 PM.",1,0,1,1,0
Can you explain your operational process?,0,0,0,0,1
What is your method of operation?,0,0,0,0,1
Could you describe your functionality?,0,0,0,0,1
How does your mechanism function?,0,0,0,0,1
What's your working principle?,0,0,0,0,1
Explain your workflow.,0,0,0,0,1
Describe your process.,0,0,0,0,1
Tell me about how you operate.,0,0,0,0,1
Please open the living room curtains and add a to-do item about organizing my files.,0,1,1,0,0
I need to open the living room curtains and remember to organize my files.,0,1,1,0,0
"Add ""organize files"" to my to-do list, and then open the living room curtains.",0,1,1,0,0
"Open the living room curtains; also, I need to schedule time to organize my files.",0,1,1,0,0
"In the living room, open the curtains.  Then, add a task to my list: organize files.",0,1,1,0,0
Make a note to organize my files and open the living room curtains.,0,1,1,0,0
Living room curtains: open.  Task: organize files.,0,1,1,0,0
Two things: open the living room curtains and add organizing my files to my task list.,0,1,1,0,0
"Explain the mechanics of the stock market, and please add 'finish the project' to my to-do list.",1,0,1,0,0
"Can you describe how the stock market functions?  Also, I need to add 'complete the project' to my tasks.",1,0,1,0,0
I need to add 'finish the project' to my task list.  Could you also explain how the stock market operates?,1,0,1,0,0
"Add 'finish the project' to my tasks.  In addition, can you give me an explanation of how the stock market works?",1,0,1,0,0
Please explain the stock market and add 'complete the project' to my list of things to do.,1,0,1,0,0
"Could you clarify how the stock market functions, and then add 'finish the project' to my to-do list?",1,0,1,0,0
"Give me an overview of the stock market, and then add 'project completion' to my tasks.",1,0,1,0,0
"I need to know how the stock market works, and I also need to add 'finish the project' to my list of things to do.",1,0,1,0,0
Adjust the lighting in the dining room to create ambiance.,0,1,0,0,0
Dim the lights to set the atmosphere in the dining room.,0,1,0,0,0
Create a pleasant atmosphere in the dining room by adjusting the lights.,0,1,0,0,0
Turn on the mood lighting in the dining area.,0,1,0,0,0
Set the lighting in the dining room for a romantic or relaxing feel.,0,1,0,0,0
Use the dimmer switch to create the right lighting mood in the dining room.,0,1,0,0,0
"Turn on the home security system, arrange a conference call for Monday, and email the contract.",0,1,1,1,0
"Engage the home surveillance system, plan a Monday conference call, and send the contract electronically.",0,1,1,1,0
"Start the home security system, set up a conference call for Monday, and forward the contract by email.",0,1,1,1,0
The home surveillance system needs activating; schedule a conference call for Monday; and email the contract.,0,1,1,1,0
"Activate home surveillance, schedule a conference call for Monday, and send the contract via email.",0,1,1,1,0
"Ensure the home security system is activated, book a conference call for Monday, and email the contract.",0,1,1,1,0
"Switch on the home security system, put a conference call in the diary for Monday, and email the contract.",0,1,1,1,0
"Get the home surveillance system running, arrange a conference call for Monday, and send the contract by email.",0,1,1,1,0
"I need restaurant recommendations; also, please remind me to call Mom tomorrow and send a project update email.",1,0,1,1,0
Could you suggest a nice restaurant?  Don't forget: call Mom tomorrow and email the project update.,1,0,1,1,0
"Where's a good place to eat?  Tomorrow, remember to call Mom and send an email with the project's progress.",1,0,1,1,0
I'm looking for a great restaurant.  Reminders: call Mom tomorrow and send a project update via email.,1,0,1,1,0
Can you recommend a restaurant?  My to-dos: call Mom tomorrow and email a project update.,1,0,1,1,0
Restaurant suggestions needed.  I must remember to call my mother tomorrow and send an email about the project's status.,1,0,1,1,0
"Switch on the living room lights, set a reminder to call my dentist, and email Sarah.",0,1,1,1,0
"Illuminate the living room, schedule a reminder to contact the dentist, and send an email to Sarah.",0,1,1,1,0
"Activate the living room lights, add a reminder for a dentist appointment, and compose an email to Sarah.",0,1,1,1,0
Turn on the lights in the living room; remember to call the dentist; send an email to Sarah.,0,1,1,1,0
The living room lights need to be turned on.  I also need a reminder to call the dentist and to email Sarah.,0,1,1,1,0
"Remember to call the dentist and email Sarah; also, turn on the living room lights.",0,1,1,1,0
"Please turn on the living room lights, remind me to call the dentist, and send an email to Sarah.",0,1,1,1,0
"I need to turn on the living room lights, set a reminder to call the dentist, and send an email to Sarah.",0,1,1,1,0
Lower the bedroom lighting and arrange a team meeting.,0,1,1,0,0
Reduce the brightness of the bedroom lights and put a team meeting on the calendar.,0,1,1,0,0
Turn down the lights in the bedroom and book a meeting with my team.,0,1,1,0,0
Set a meeting with my team and dim the lights in the bedroom.,0,1,1,0,0
"Schedule a team meeting, then dim the lights in my bedroom.",0,1,1,0,0
I need to dim the lights in the bedroom and schedule a meeting with my team.,0,1,1,0,0
"My bedroom lights should be dimmed, and a team meeting scheduled.",0,1,1,0,0
"What steps can I take to boost productivity, trigger the security alarm, and send the meeting notes to the team via email?",1,1,0,1,0
"I need to know how to enhance productivity, sound the security alarm, and email the meeting minutes to the team.  How do I do all three?",1,1,0,1,0
"Can you guide me on improving productivity, activating the alarm system, and emailing the team the meeting summary?",1,1,0,1,0
"To improve my productivity, activate the security alarm, and distribute the meeting minutes to the team by email – what's the procedure?",1,1,0,1,0
"Explain how to increase productivity, engage the security alarm, and send the meeting minutes to the team in an email.",1,1,0,1,0
"I'm looking for instructions on improving productivity, setting off the security alarm, and emailing the meeting minutes to the team members.",1,1,0,1,0
"How can I become more productive, activate the alarm, and email the meeting notes to the team?",1,1,0,1,0
Do you comprehend sarcasm?,0,0,0,0,1
Are you able to understand sarcasm?,0,0,0,0,1
Can you pick up on sarcasm?,0,0,0,0,1
Do you get sarcasm?,0,0,0,0,1
Is your understanding of sarcasm good?,0,0,0,0,1
Can you detect sarcasm?,0,0,0,0,1
Are you capable of interpreting sarcasm?,0,0,0,0,1
Do you grasp the nuances of sarcasm?,0,0,0,0,1
Switch on the living room lights.,0,1,0,0,0
Illuminate the living room.,0,1,0,0,0
Activate the living room lighting.,0,1,0,0,0
Turn the living room lights to 'on'.,0,1,0,0,0
Get the living room lights going.,0,1,0,0,0
Brighten up the living room.,0,1,0,0,0
"Switch on the porch light; then, send an email to confirm the appointment.",0,1,0,1,0
Activate the porch light and send a confirmation email for the appointment.,0,1,0,1,0
Illuminate the porch and send an email confirming the appointment details.,0,1,0,1,0
Please ensure the porch light is on and send a confirmation email regarding the appointment.,0,1,0,1,0
"Send a confirmation email for the appointment, and remember to turn on the porch light.",0,1,0,1,0
"The porch light should be turned on, and an email confirming the appointment needs to be sent.",0,1,0,1,0
Don't forget to turn on the porch light and send an email confirming the appointment has been scheduled.,0,1,0,1,0
"What steps can I take to boost productivity, and how can I add a budget review note?",1,0,1,0,0
I need to enhance my productivity; how do I also add a note to review the budget?,1,0,1,0,0
How can I increase productivity and make a note to revisit the budget?,1,0,1,0,0
"To improve efficiency, what should I do, and how can I add a reminder to check the budget?",1,0,1,0,0
What's the best way to improve my productivity and remember to review the budget (add a note)?,1,0,1,0,0
My goals are to increase productivity and to add a budget review to my to-do list. How can I achieve this?,1,0,1,0,0
I want to be more productive and also remember to review the budget.  What's the best approach?,1,0,1,0,0
How can I become more productive and ensure I remember to review the budget (by adding a note)?,1,0,1,0,0
Email confirmation of the appointment is needed.,0,0,0,1,0
Please send an email to confirm the appointment.,0,0,0,1,0
Send a confirmation email for the appointment.,0,0,0,1,0
Confirm the appointment via email.,0,0,0,1,0
An email confirming the appointment should be sent.,0,0,0,1,0
"Tell me the time, switch on the living room lights, and email Sarah.",1,1,0,1,0
What's the time?  Could you also turn on the living room lights and send an email to Sarah?,1,1,0,1,0
I need to know the current time; please illuminate the living room and email Sarah.,1,1,0,1,0
"Please provide the time, activate the living room lights, and send an email to Sarah.",1,1,0,1,0
"Could you tell me the time, turn on the lights in the living room, and send an email to Sarah?",1,1,0,1,0
"Check the time, then turn on the living room lights and email Sarah.",1,1,0,1,0
Respond to John's email.,0,0,0,1,0
Answer John's email.,0,0,0,1,0
Get back to John via email.,0,0,0,1,0
Send a reply to John's email.,0,0,0,1,0
Write a response to John's email.,0,0,0,1,0
"I need a book recommendation, and could you also remind me to switch off the kitchen lights?",1,1,0,0,0
"Can you suggest a good book for me to read, and please remember to turn off the kitchen lights?",1,1,0,0,0
"What's a great book to read before bed, and don't forget to extinguish the kitchen lights.",1,1,0,0,0
"I'm looking for a captivating book to read;  while you're at it, could you turn off the kitchen lights?",1,1,0,0,0
"Give me a book suggestion, and please make sure the kitchen lights are off.",1,1,0,0,0
"Recommend a good book, and as a separate task, turn off the kitchen lights.",1,1,0,0,0
Where do you come from?,0,0,0,0,1
Where are you from?,0,0,0,0,1
What is your background?,0,0,0,0,1
What's your place of origin?,0,0,0,0,1
Could you tell me about your origins?,0,0,0,0,1
Can you share your background with me?,0,0,0,0,1
From where do you hail?,0,0,0,0,1
What are your roots?,0,0,0,0,1
"I need to bake a cake, and also write a follow-up email after my interview.",1,0,0,1,0
Can you tell me how to bake a cake and compose a follow-up email for the interview?,1,0,0,1,0
I'm looking for instructions on baking a cake and drafting a post-interview email.,1,0,0,1,0
"What's the recipe for a cake, and how should I write a follow-up email after my interview?",1,0,0,1,0
I want to know how to bake a cake and create a follow-up email regarding the interview.,1,0,0,1,0
Could you guide me on baking a cake and writing a follow-up email after the interview?,1,0,0,1,0
I need help with baking a cake and composing a thank-you email after the interview.,1,0,0,1,0
I'm trying to figure out how to bake a cake and draft a professional follow-up email for the interview.,1,0,0,1,0
"Tell me the time, and switch on the living room lights.",1,1,0,0,0
"What's the time?  Also, could you turn on the lights in the living room?",1,1,0,0,0
"I need to know the current time, and please illuminate the living room.",1,1,0,0,0
Could you tell me the time and activate the living room lighting?,1,1,0,0,0
Please let me know the time and turn on the lights in the living room.,1,1,0,0,0
"This weekend, I need to clean the house and write a follow-up email about the interview.",0,0,1,1,0
Add to my to-do list: house cleaning this weekend and drafting a follow-up interview email.,0,0,1,1,0
Schedule house cleaning for this weekend and compose a follow-up email for the interview.,0,0,1,1,0
My weekend tasks include cleaning the house and writing a follow-up email after the interview.,0,0,1,1,0
I must clean the house this weekend and send a follow-up email regarding the interview.,0,0,1,1,0
Prioritize cleaning the house and writing a follow-up interview email for this weekend.,0,0,1,1,0
This weekend's chores: clean the house and draft a follow-up email concerning the interview.,0,0,1,1,0
Have you grasped the concept of love?,0,0,0,0,1
Do you comprehend what love is?,0,0,0,0,1
Is the nature of love clear to you?,0,0,0,0,1
Can you explain your understanding of love?,0,0,0,0,1
What's your understanding of love?,0,0,0,0,1
Do you have a grasp on love?,0,0,0,0,1
Do you know what love means to you?,0,0,0,0,1
Shut the blinds and don't forget to water your plants.,0,1,1,0,0
"Lower the window blinds, then water the plants.",0,1,1,0,0
Make sure to water the plants after closing the blinds.,0,1,1,0,0
"Remember to water the plants; also, close the window blinds.",0,1,1,0,0
Close the blinds and ensure the plants are watered.,0,1,1,0,0
Water the plants; the blinds should be closed.,0,1,1,0,0
"The plants need watering, and please close the blinds.",0,1,1,0,0
Don't forget to water the plants once you've closed the blinds.,0,1,1,0,0
"Update me on current events, and please add 'buy groceries' to my task list.",1,0,1,0,0
"Give me the latest news; also, remember to add 'purchase groceries' to my to-do list.",1,0,1,0,0
"I need a news update, and could you add 'buy groceries' to my list of things to do?",1,0,1,0,0
What's new?  And please add 'get groceries' to my to-do list.,1,0,1,0,0
Tell me the latest news and put 'buy groceries' on my to-do list.,1,0,1,0,0
"Can I get a news briefing, and would you mind adding 'buy groceries' to my to-do list?",1,0,1,0,0
Give me the headlines and add 'grocery shopping' to my tasks.,1,0,1,0,0
"I need a news update, and please add purchasing groceries to my to-do list.",1,0,1,0,0
Please set a reminder for me to update my calendar.,0,0,1,0,0
I need a reminder to update my calendar.,0,0,1,0,0
Don't forget: I need to update my calendar.,0,0,1,0,0
"Set a reminder to update my calendar, please.",0,0,1,0,0
Remind me to make changes to my calendar.,0,0,1,0,0
Put a reminder in for me to update my calendar.,0,0,1,0,0
I need to remember to update my calendar; please remind me.,0,0,1,0,0
Give me a reminder to update my calendar entries.,0,0,1,0,0
How's your day going?,0,0,0,0,1
How are you feeling today?,0,0,0,0,1
How's everything with you today?,0,0,0,0,1
What's up?,0,0,0,0,1
How do you do?,0,0,0,0,1
Checking in - how are you?,0,0,0,0,1
Hope you're having a good day! How are you?,0,0,0,0,1
How's it going today?,0,0,0,0,1
"Please share a fun fact, secure the front door, set a reminder for report submission, and email me the latest report.",1,1,1,1,0
"Could you provide an interesting fact, lock up, remind me to submit the report, and send the latest report by email?",1,1,1,1,0
"I need a fun fact, the front door locked, a reminder to submit the report, and the latest report forwarded to me via email.",1,1,1,1,0
"Tell me something interesting, ensure the front door is locked, remind me to submit the report, and forward the newest report.",1,1,1,1,0
"Give me a fun fact, lock the front door, set a reminder for the report submission, and email the latest report to me.",1,1,1,1,0
"A fun fact would be great, please lock the front door, remind me to submit that report, and forward the most recent report via email.",1,1,1,1,0
"I'd appreciate a fun fact, please lock the front door, please remind me to submit the report, and please forward the latest report via email.",1,1,1,1,0
Compose a thank-you email for my professor.,0,0,0,1,0
I need to email my professor to express my gratitude.,0,0,0,1,0
Email my professor to thank them.,0,0,0,1,0
Send an email of appreciation to my professor.,0,0,0,1,0
Draft a thank-you note to my professor and send it via email.,0,0,0,1,0
"I need help with three things: learning to program, switching on the porch light, and setting a calendar reminder.",1,1,1,0,0
"Can you assist me with beginning to program, activating the porch light, and reminding me to update my calendar?",1,1,1,0,0
"I'd like guidance on starting to code, turning on the outside light, and a reminder to adjust my calendar.",1,1,1,0,0
"Three tasks:  I want to start programming, turn on the porch light, and get a calendar reminder.",1,1,1,0,0
"Please help me begin my programming journey, illuminate the porch, and remind me to update my calendar.",1,1,1,0,0
"I need to know how to start programming, I need to turn on the porch light, and I need a reminder to update my calendar.",1,1,1,0,0
Prepare the dining room with mood lighting and schedule a house cleaning for this weekend.,0,1,1,0,0
"This weekend, I'll set the ambiance in the dining room with soft lighting and add cleaning the house to my to-do list.",0,1,1,0,0
Dim the lights in the dining room to create the right atmosphere and plan to clean the house sometime this weekend.,0,1,1,0,0
Create a relaxing atmosphere in the dining room with mood lighting and make a note to clean the house this weekend.,0,1,1,0,0
I need to set the lighting in the dining room for the right mood and add cleaning the entire house to my weekend tasks.,0,1,1,0,0
My weekend plans include setting the mood lighting in the dining area and tackling a thorough house cleaning.,0,1,1,0,0
"I need to find out who won last night's game, and I also have to renew my passport.",1,0,1,0,0
"Last night's game winner is something I need to know, and I must remember to renew my passport.",1,0,1,0,0
Two things: I need to know the winner of last night's game and I need to renew my passport.,1,0,1,0,0
My to-dos include finding out who won the game last night and renewing my passport.,1,0,1,0,0
"I have to renew my passport; also, who won the game last night?",1,0,1,0,0
"Passport renewal is on my list, and I'd also like to know who won the game last night.",1,0,1,0,0
"Check the weather, lower the bedroom lights, and write a draft email to my manager.",1,1,0,1,0
"Tell me about today's weather; then, dim the lights in the bedroom and start composing an email to my boss.",1,1,0,1,0
What's the weather forecast?  I also need to dim the lights in my bedroom and prepare an email for my manager.,1,1,0,1,0
"Could you give me a weather update?  In addition, please dim the bedroom lights and create a draft email to my manager.",1,1,0,1,0
"I need the weather report, dimmed bedroom lights, and a draft email prepared for my manager.",1,1,0,1,0
"Find out what the weather is like outside, reduce the brightness in the bedroom, and begin writing an email to my manager.",1,1,0,1,0
"I need a reminder to pay the electricity bill; also, email the team their schedule.",0,0,1,1,0
Remember to pay the electricity bill and send the team's schedule via email.,0,0,1,1,0
Set a reminder to pay my electricity bill and email the team the schedule.,0,0,1,1,0
Please add to my reminders: pay the electricity bill and email the team the schedule.,0,0,1,1,0
Don't forget: pay the electricity bill and email the team their schedule.,0,0,1,1,0
Schedule a reminder for paying the electricity bill and emailing the team their schedule.,0,0,1,1,0
I need a reminder for paying the electricity bill and to email the team the schedule.,0,0,1,1,0
Compose an email for my manager.,0,0,0,1,0
Write an email to my manager.,0,0,0,1,0
Prepare an email to send to my manager.,0,0,0,1,0
Create an email for my manager.,0,0,0,1,0
I need to draft an email addressed to my manager.,0,0,0,1,0
Begin vacuuming and compose an email about the updated policy.,0,1,0,1,0
Turn on the vacuum cleaner and write an email concerning the new policy.,0,1,0,1,0
Start the vacuum and draft an email explaining the new policy.,0,1,0,1,0
"First, start the vacuum cleaner; then, write an email about the new policy.",0,1,0,1,0
I need to start vacuuming and also write an email regarding the new policy.,0,1,0,1,0
Please initiate the vacuum cleaner and prepare an email on the new policy.,0,1,0,1,0
Activate the vacuum cleaner and create an email concerning the new policy.,0,1,0,1,0
Get the vacuum cleaner going and then draft an email about the new policy changes.,0,1,0,1,0
Switch off the kitchen lights; I need a 6 PM exercise reminder.,0,1,1,0,0
"Remember to exercise at 6 PM, and please turn off the kitchen lights.",0,1,1,0,0
Extinguish the kitchen lights and set an alarm for a 6 PM workout.,0,1,1,0,0
"Before 6 PM, set an exercise reminder and turn off the kitchen lights.",0,1,1,0,0
"The kitchen lights should be turned off, and I need a reminder to work out at 6 PM.",0,1,1,0,0
I need a reminder for a 6 PM workout; please turn off the kitchen lights.,0,1,1,0,0
"Set my exercise reminder for 6 PM, then turn off the kitchen lights.",0,1,1,0,0
Turn off the lights in the kitchen and schedule a reminder for my 6 PM workout.,0,1,1,0,0
Do you ever feel fatigued?,0,0,0,0,1
Do you experience tiredness?,0,0,0,0,1
Do you feel worn out?,0,0,0,0,1
Are you ever exhausted?,0,0,0,0,1
Do you suffer from fatigue?,0,0,0,0,1
Does tiredness affect you?,0,0,0,0,1
"Prepare the dining room with mood lighting, schedule a house cleaning for the weekend, and write a follow-up email for the interview.",0,1,1,1,0
"This weekend: clean the house.  Also, create a relaxing atmosphere in the dining room with mood lighting and draft a follow-up email after the interview.",0,1,1,1,0
"Dim the lights in the dining room to set the mood, add 'clean house' to my weekend to-do list, and compose a follow-up email regarding the interview.",0,1,1,1,0
"Weekend tasks: house cleaning.  Additionally, set the ambiance in the dining room with soft lighting and prepare a follow-up email for the interview.",0,1,1,1,0
My weekend plans include cleaning the house and sending a follow-up email about the interview.  I should also set the mood lighting in the dining room.,0,1,1,1,0
"I need to set the lighting in the dining room for ambiance, add cleaning the house to my weekend tasks, and write a follow-up email after my interview.",0,1,1,1,0
"Remember to set the mood lighting in the dining room, add 'clean the house' to your weekend to-do list, and compose a follow-up email for the interview.",0,1,1,1,0
Let's open the living room curtains.,0,1,0,0,0
Please open the curtains in the living room.,0,1,0,0,0
Could you open the living room curtains?,0,1,0,0,0
Open up the curtains in the living room.,0,1,0,0,0
Unfurl the curtains in the living room.,0,1,0,0,0
Draw back the living room curtains.,0,1,0,0,0
What do you do with your time?,0,0,0,0,1
How do you occupy your time?,0,0,0,0,1
What are your typical daily activities?,0,0,0,0,1
How is your time usually spent?,0,0,0,0,1
What fills your days?,0,0,0,0,1
What keeps you busy?,0,0,0,0,1
Tell me about your daily routine.,0,0,0,0,1
"Switch off the kitchen lights; also, send out event invitations via email.",0,1,0,1,0
Remember to send event invitations by email after turning off the kitchen lights.,0,1,0,1,0
Email event invitations and then turn off the kitchen lights.,0,1,0,1,0
Please send the event invitations by email and turn off the kitchen lights.,0,1,0,1,0
"The kitchen lights should be turned off, and event invitations emailed.",0,1,0,1,0
Extinguish the kitchen lights and send email invitations for the event.,0,1,0,1,0
Don't forget to email event invitations once you've switched off the kitchen lights.,0,1,0,1,0
Ensure the kitchen lights are off and that you've sent out email invitations for the event.,0,1,0,1,0
How much can you remember?,0,0,0,0,1
What's the extent of your memory?,0,0,0,0,1
How large is your memory storage?,0,0,0,0,1
What is the size of your memory?,0,0,0,0,1
How much information can you retain?,0,0,0,0,1
What's your memory's storage limit?,0,0,0,0,1
To what extent is your memory capable?,0,0,0,0,1
What's the capacity of your memory bank?,0,0,0,0,1
May I know your name?,0,0,0,0,1
Could you tell me your name?,0,0,0,0,1
What's your name?,0,0,0,0,1
I'd like to know your name.,0,0,0,0,1
Please tell me your name.,0,0,0,0,1
Are you a music lover?,0,0,0,0,1
Do you appreciate music?,0,0,0,0,1
Is music something you like?,0,0,0,0,1
Do you find pleasure in listening to music?,0,0,0,0,1
Do you have a fondness for music?,0,0,0,0,1
Are you into music?,0,0,0,0,1
Is music enjoyable to you?,0,0,0,0,1
Do you get enjoyment from music?,0,0,0,0,1
What's your emotional state?,0,0,0,0,1
What are you feeling right now?,0,0,0,0,1
Can you describe your feelings?,0,0,0,0,1
Tell me how you're doing emotionally.,0,0,0,0,1
How are you feeling?,0,0,0,0,1
What's on your mind?,0,0,0,0,1
How's your mood?,0,0,0,0,1
Could you share your feelings with me?,0,0,0,0,1
"Share a fun fact with me, and please set a reminder for me to submit the report.",1,0,1,0,0
"I'd appreciate a fun fact, and a reminder to submit the report would be helpful.",1,0,1,0,0
Could you give me an interesting fact and remind me about the report deadline?,1,0,1,0,0
"Remind me to submit the report; also, tell me a fun fact.",1,0,1,0,0
Please share a fun fact and set a reminder for the report submission.,1,0,1,0,0
"Give me a fun fact and a reminder to submit that report, please.",1,0,1,0,0
I need a fun fact and a reminder to submit the report.,1,0,1,0,0
"A fun fact, please, and also remind me to submit the report.",1,0,1,0,0
What's the procedure for baking a cake?,1,0,0,0,0
What are the steps involved in making a cake?,1,0,0,0,0
Can you explain how to bake a cake?,1,0,0,0,0
I'd like to know how to bake a cake.  Could you guide me?,1,0,0,0,0
Could you provide instructions on baking a cake?,1,0,0,0,0
I need a recipe or instructions for baking a cake.,1,0,0,0,0
Explain the baking process for a cake.,1,0,0,0,0
Walk me through baking a cake.,1,0,0,0,0
I'm looking for a highly-rated restaurant.,1,0,0,0,0
Could you recommend a nice place to eat?,1,0,0,0,0
I need a suggestion for a good restaurant.,1,0,0,0,0
Where's a good restaurant located?,1,0,0,0,0
Can you point me towards a quality restaurant?,1,0,0,0,0
I'm searching for a restaurant with good food.,1,0,0,0,0
What's a good restaurant in this area?,1,0,0,0,0
Any recommendations for a great restaurant nearby?,1,0,0,0,0
Could you please elucidate the principles of quantum physics and send the contract through email?,1,0,0,1,0
"I'd appreciate an explanation of quantum physics, along with the contract sent to my email address.",1,0,0,1,0
Please email me the contract; I also require an explanation of quantum physics.,1,0,0,1,0
Can you provide a description of quantum physics and forward the contract electronically?,1,0,0,1,0
"Send the contract via email, and please explain quantum physics to me.",1,0,0,1,0
Email the contract and give me an explanation of quantum physics.,1,0,0,1,0
I need an explanation of quantum physics and the contract emailed to me.,1,0,0,1,0
Would you mind explaining quantum physics and emailing the contract?,1,0,0,1,0
Please clarify quantum physics and send the contract by email.,1,0,0,1,0
Arrange a meeting with my team.,0,0,1,0,0
Plan a meeting with my team members.,0,0,1,0,0
I need to set up a meeting with my team.,0,0,1,0,0
Let's schedule a team meeting.,0,0,1,0,0
Book a meeting with my team.,0,0,1,0,0
Put a meeting with my team on the calendar.,0,0,1,0,0
Remember to review the budget and make a note of it.,0,0,1,0,0
Make a note to revisit the budget.,0,0,1,0,0
I need to review the budget; add a note to remind me.,0,0,1,0,0
Add a reminder to check the budget.,0,0,1,0,0
Note that the budget requires review.,0,0,1,0,0
Put reviewing the budget on my to-do list.,0,0,1,0,0
"I need to remember to water the plants, send a thank-you note to my professor, and what's the capital city of France?",1,0,1,1,0
"Don't forget to water the plants and email my professor with my thanks; also, what is the capital of France?",1,0,1,1,0
Three things:  What's France's capital?  Water the plants. Send a thank you email to my professor.,1,0,1,1,0
"My to-dos: find the capital of France, water the plants, and send a thank-you email to my professor.",1,0,1,1,0
"Remember to water the plants and send my professor a thank-you email.  Oh, and what is the capital city of France?",1,0,1,1,0
"Could you remind me to water the plants, send a thank-you email to my professor, and tell me the capital of France?",1,0,1,1,0
"I need to know the capital of France, plus I must remember to water the plants and send a thank-you email to my professor.",1,0,1,1,0
"I need you to explain quantum physics, turn on the home security system, and set up a conference call for Monday.",1,1,1,0,0
"Could you please elucidate quantum physics, engage the home surveillance, and arrange a conference call for next Monday?",1,1,1,0,0
"Explain quantum physics, activate home monitoring, and schedule a Monday conference call, if you would.",1,1,1,0,0
"Please provide an explanation of quantum physics, start the home security system, and book a conference call for Monday.",1,1,1,0,0
"I require an explanation of quantum physics, activation of the home surveillance system, and a scheduled conference call for Monday.",1,1,1,0,0
Set a reminder to call my dentist.,0,0,1,0,0
Remind me to call the dentist.,0,0,1,0,0
I need a reminder to call the dentist.,0,0,1,0,0
Put a reminder in my calendar to call the dentist.,0,0,1,0,0
Schedule a reminder to phone the dentist.,0,0,1,0,0
Create a reminder to make a call to the dentist.,0,0,1,0,0
Could you assist me in unwinding?,0,0,0,0,1
I need help relaxing; can you assist?,0,0,0,0,1
"I'm feeling stressed, could you help me de-stress?",0,0,0,0,1
Can you help me calm down?,0,0,0,0,1
I'd appreciate some help to relax.,0,0,0,0,1
Could you help me chill out?,0,0,0,0,1
I'm tense and need your help to relax.,0,0,0,0,1
I'll write an email to my client while listening to calming music.,0,1,0,1,0
"While playing soothing music, I need to draft an email for my client.",0,1,0,1,0
"To relax, I'll put on some calming music and then compose an email to my client.",0,1,0,1,0
"With relaxing music in the background, I should compose an email to my client.",0,1,0,1,0
"Let's start with some relaxing music, then I'll get to writing an email to my client.",0,1,0,1,0
I'm going to create a relaxing atmosphere with music before I start composing an email to my client.,0,1,0,1,0
How does meditation and listening to calming music help?,1,1,0,0,0
What are the advantages of combining meditation with relaxing music?,1,1,0,0,0
Explain the positive effects of meditation and playing soothing music.,1,1,0,0,0
What are the upsides to meditating while listening to relaxing music?,1,1,0,0,0
In what ways do meditation and relaxing music benefit a person?,1,1,0,0,0
Can you describe the rewards of practicing meditation alongside calming music?,1,1,0,0,0
Ensure the front door is locked.,0,1,0,0,0
Make sure the front door is locked.,0,1,0,0,0
Please lock the front door.,0,1,0,0,0
The front door needs to be locked.,0,1,0,0,0
Lock up the front door.,0,1,0,0,0
"What's the best way to begin learning to program, and then send an email to confirm the appointment?",1,0,0,1,0
Can you guide me on how to start programming and also send a confirmation email for the appointment?,1,0,0,1,0
I need to know how to start programming and send a confirmation email for the appointment.  How do I do both?,1,0,0,1,0
"Where do I begin with programming, and how do I follow up with a confirmation email for the appointment?",1,0,0,1,0
"To get started with programming and send an appointment confirmation email, what steps should I take?",1,0,0,1,0
"I'd like to learn to program; how do I start, and how can I confirm the appointment via email?",1,0,0,1,0
Could you explain how to start learning to program and how to send an email confirming the appointment?,1,0,0,1,0
"What are the first steps in learning to program, and how do I send an email confirming the appointment afterwards?",1,0,0,1,0
Turn on the home security system and set up a conference call for Monday.,0,1,1,0,0
Engage the home surveillance system and arrange a conference call for Monday.,0,1,1,0,0
Start the home security system and put a conference call on the calendar for Monday.,0,1,1,0,0
"The home surveillance system needs activating, and a conference call should be scheduled for Monday.",0,1,1,0,0
I need to activate the home security system and schedule a conference call for this coming Monday.,0,1,1,0,0
Ensure the home surveillance system is activated and schedule a conference call for Monday.,0,1,1,0,0
Activate home security and book a conference call for Monday.,0,1,1,0,0
"I need to research meditation's advantages, switch off the kitchen lights, and schedule a 6 PM workout reminder.",1,1,1,0,0
"Could you tell me the upsides of meditation?  Also, please turn off the kitchen lights and set an exercise reminder for 6 PM.",1,1,1,0,0
"List the benefits of meditation.  In addition, I need to remember to turn off the kitchen lights and set a reminder to exercise at 6 PM.",1,1,1,0,0
"Find out what the advantages of meditation are, then turn off the kitchen lights and set a reminder for a 6 PM workout.",1,1,1,0,0
Investigate the positive effects of meditation;  remember to switch off the kitchen lights and schedule a 6 PM exercise reminder.,1,1,1,0,0
I want to know more about the positive aspects of meditation.  Please also ensure the kitchen lights are off and set a reminder for me to exercise at 6 PM.,1,1,1,0,0
I need to add 'finish reading the book' to my to-do list and write an email to the support team.,0,0,1,1,0
"My to-do list needs the task 'finish reading the book' added, and I also need to draft an email to the support team.",0,0,1,1,0
Remember to add 'finish the book' to my tasks and send an email to support.,0,0,1,1,0
Please add 'finish reading the book' to my list of things to do and email the support team.,0,0,1,1,0
Schedule 'finish reading the book' and emailing the support team in my planner.,0,0,1,1,0
I must add completing the book to my to-do list and email the support team.,0,0,1,1,0
Add 'finish reading the book' to my tasks and compose an email to the support team.,0,0,1,1,0
Put 'finish reading the book' on my to-do list and send an email to the support team.,0,0,1,1,0
"Update me on current events, adjust the thermostat to 22 degrees, and remember to add 'buy groceries' to my tasks.",1,1,1,0,0
"Give me a news update, set the temperature to 22 degrees Celsius, and please add 'buy groceries' to my to-do list.",1,1,1,0,0
"What's new?  I also need the thermostat set to 22 degrees, and could you add 'buy groceries' to my list of things to do?",1,1,1,0,0
Tell me the latest news; change the thermostat to 22 degrees; and add 'purchase groceries' to my to-do list.,1,1,1,0,0
"I need a news briefing, the thermostat set to 22 degrees, and 'buy groceries' added to my task list.",1,1,1,0,0
"Check the news, adjust the thermostat to 22 degrees, and put 'buy groceries' on my to-do list.",1,1,1,0,0
"Could you give me a news update, set the thermostat to 22°C, and add 'groceries' to my to-do list?",1,1,1,0,0
"Please provide a news summary, set the thermostat to 22 degrees, and add 'buy groceries' to my list of things to do.",1,1,1,0,0
"What's the weather forecast for today, and could you also book a meeting with my team?",1,0,1,0,0
Can you tell me about today's weather and arrange a meeting with my team?,1,0,1,0,0
I need to know the weather and schedule a team meeting.,1,0,1,0,0
Please check the weather and set up a meeting for me and my team.,1,0,1,0,0
Could you let me know the weather conditions and then schedule a meeting with my team?,1,0,1,0,0
"Give me a weather update and book a meeting with my team, please.",1,0,1,0,0
"Adjust the thermostat to 22 degrees, and remember to buy groceries.",0,1,1,0,0
Program the thermostat for 22 degrees and add 'purchase groceries' to my task list.,0,1,1,0,0
I need to set the temperature to 22 degrees and add buying groceries to my to-do list.,0,1,1,0,0
"Make sure the thermostat is set to 22 degrees; also, add 'groceries' to my shopping list.",0,1,1,0,0
Put 'buy groceries' on my to-do list and change the thermostat to 22 degrees.,0,1,1,0,0
"My to-do list needs 'buy groceries', and the thermostat should be set to 22 degrees.",0,1,1,0,0
Remember to buy groceries and set the thermostat to 22 degrees.,0,1,1,0,0
Explain the mechanics of the stock market and compose an email about the updated policy.,1,0,0,1,0
"Can you describe how the stock market functions, and also write an email concerning the new policy?",1,0,0,1,0
"I need an explanation of the stock market's operations, plus an email draft outlining the new policy.",1,0,0,1,0
Please detail the workings of the stock market and prepare an email on the new policy.,1,0,0,1,0
Give me an overview of the stock market and create an email addressing the new policy.,1,0,0,1,0
Describe the stock market's function and draft an email explaining the new policy.,1,0,0,1,0
"Give me the latest news update, adjust the thermostat to 22 degrees, and write an email to Ahmed.",1,1,0,1,0
I need the most recent news; please set the thermostat to 22°C and draft an email for Ahmed.,1,1,0,1,0
What's new?  Could you also set the thermostat to 22 degrees and email Ahmed?,1,1,0,1,0
"Update me on the news, change the thermostat to 22 degrees, and send an email to Ahmed.",1,1,0,1,0
"Tell me what's happening, adjust the temperature to 22 degrees, and create an email for Ahmed.",1,1,0,1,0
"Check for news updates, set the thermostat to 22 degrees Celsius, and compose an email addressed to Ahmed.",1,1,0,1,0
Do you offer round-the-clock support?,0,0,0,0,1
"Is your service available all day, every day?",0,0,0,0,1
"Can I reach you anytime, day or night?",0,0,0,0,1
Are you available at all hours?,0,0,0,0,1
"Is your availability 24 hours a day, 7 days a week?",0,0,0,0,1
Draft an email for my client.,0,0,0,1,0
Write an email to my client.,0,0,0,1,0
Create an email for my client.,0,0,0,1,0
I need to email my client.,0,0,0,1,0
Send an email to my client.,0,0,0,1,0
Email my client.,0,0,0,1,0
Switch on the porch light; please also remind me to update my calendar and send an appointment confirmation email.,0,1,1,1,0
"Activate the porch light, set a reminder for calendar updating, and send an email confirming the appointment.",0,1,1,1,0
"Remember to turn on the porch light, update my calendar, and send a confirmation email for the appointment.",0,1,1,1,0
"I need to turn on the porch light, update my calendar, and send an email to confirm the appointment.",0,1,1,1,0
Please remind me to: 1) turn on the porch light; 2) update my calendar; and 3) send an email confirming the appointment.,0,1,1,1,0
"Ensure the porch light is on, update my calendar, and send a confirmation email for the appointment.",0,1,1,1,0
"Don't forget to switch on the porch light, and please remind me to update my calendar and send an email confirming the appointment.",0,1,1,1,0
Schedule 'finishing the project' in my to-do list and compose an email about the new policy.,0,0,1,1,0
I need to add 'complete the project' to my tasks and write an email concerning the new policy.,0,0,1,1,0
"My tasks should include 'project completion', and I also need to draft an email explaining the new policy.",0,0,1,1,0
Please add 'finish the project' to my task list; I also need to prepare an email on the new policy.,0,0,1,1,0
Add 'project completion' to my to-dos and create an email outlining the new policy.,0,0,1,1,0
Put 'finish the project' on my task list and write an email about the updated policy.,0,0,1,1,0
"I need information on Roman history; also, please remind me to pay my electricity bill and send the team the schedule via email.",1,0,1,1,0
"Could you tell me about the history of Rome?  Additionally, set a reminder to pay the electricity bill, and email the schedule to the team.",1,0,1,1,0
"Research the history of Rome.  Remember to pay the electricity bill, and email the team the schedule.",1,0,1,1,0
"Find out about Rome's history, remind me to pay my electricity bill, and send the team an email with the schedule.",1,0,1,1,0
Give me a summary of Roman history; please add a reminder for the electricity bill payment and email the schedule to the team.,1,0,1,1,0
I require information regarding the history of Rome.  I also need a reminder to pay the electricity bill and to email the team the schedule.,1,0,1,1,0
Tell me about the history of Rome.  I also need reminders: one to pay the electricity bill and another to email the team the schedule.,1,0,1,1,0
Turn on the security alarm.,0,1,0,0,0
Engage the security alarm system.,0,1,0,0,0
Sound the security alarm.,0,1,0,0,0
Set the security alarm to active.,0,1,0,0,0
Switch the security alarm on.,0,1,0,0,0
The security alarm should be activated.,0,1,0,0,0
"Could you tell me who won last night's game, open the garage, and respond to John's email?",1,1,0,1,0
"I need to know the game's winner from last night, open the garage door, and answer John's email.",1,1,0,1,0
"Please find out who won the game last night, open the garage door, and send a reply to John's email.",1,1,0,1,0
"Check who won last night's game, open up the garage, and get back to John via email.",1,1,0,1,0
"Can you tell me the results of last night's game, open the garage door for me, and reply to John's email?",1,1,0,1,0
"Who was victorious in last night's game?  Also, please open the garage and reply to John's email.",1,1,0,1,0
"Explain the stock market's mechanics, add 'finish the project' to my to-do list, and compose an email about the new policy.",1,0,1,1,0
"I need to understand how the stock market functions, add 'complete the project' to my tasks, and write an email concerning the new policy.",1,0,1,1,0
"Can you describe the stock market's operation, add 'project completion' to my tasks, and create a draft email on the new policy?",1,0,1,1,0
"Please explain the stock market, add 'finish the project' to my task list, and draft an email outlining the new policy.",1,0,1,1,0
"Give me an explanation of the stock market; also, add 'complete the project' to my to-dos and prepare an email about the new policy.",1,0,1,1,0
"I need information on how the stock market works, please add 'project completion' to my tasks, and I need to draft an email about the new policy.",1,0,1,1,0
Write an email to Ahmed.,0,0,0,1,0
Draft an email for Ahmed.,0,0,0,1,0
Create an email message for Ahmed.,0,0,0,1,0
Prepare an email addressed to Ahmed.,0,0,0,1,0
Send an email to Ahmed.,0,0,0,1,0
Remind me to work out at 6 PM.,0,0,1,0,0
I need a reminder to exercise at 6 PM.,0,0,1,0,0
Please set an alarm for a 6 PM workout.,0,0,1,0,0
Schedule a workout reminder for 6 PM.,0,0,1,0,0
Put a reminder in my calendar to exercise at 6 PM.,0,0,1,0,0
Alert me to exercise at 6 PM.,0,0,1,0,0
6 PM: Remember to exercise!,0,0,1,0,0
Don't forget to exercise at 6 PM.,0,0,1,0,0
"I need to add 'finish reading the book' to my to-do list; also, what is the meaning of life?, and could you please lower the thermostat for tonight?",1,1,1,0,0
"Tonight, please lower the thermostat.  Add 'finish reading the book' to my to-do list.  And, what is the meaning of life?",1,1,1,0,0
"Three things:  find the meaning of life, turn down the thermostat overnight, and add 'finish reading the book' to my list.",1,1,1,0,0
"My to-do list needs 'finish reading the book'.  Also, what's the meaning of life?  Oh, and lower the thermostat for the night.",1,1,1,0,0
"Before I go to sleep, could you lower the thermostat?  I also need to add 'finish reading the book' to my list, and I'm pondering the meaning of life.",1,1,1,0,0
"Add 'finish the book' to my to-do list.  Lower the thermostat for tonight.  And, philosophically speaking, what is the meaning of life?",1,1,1,0,0
What food do you like best?,0,0,0,0,1
What's your number one favorite dish?,0,0,0,0,1
Which food is your favorite?,0,0,0,0,1
"Tell me, what's your favorite food?",0,0,0,0,1
Can you share your favorite food with me?,0,0,0,0,1
What's your go-to food?,0,0,0,0,1
"If you could only eat one thing for the rest of your life, what would it be?",0,0,0,0,1
What culinary delight do you cherish most?,0,0,0,0,1
Do you possess intelligence?,0,0,0,0,1
Are you smart?,0,0,0,0,1
How intelligent are you?,0,0,0,0,1
What is your level of intelligence?,0,0,0,0,1
Is your intelligence high?,0,0,0,0,1
Would you consider yourself intelligent?,0,0,0,0,1
Do you have a high IQ?,0,0,0,0,1
Are you intellectually gifted?,0,0,0,0,1
What advantages does meditation offer?,1,0,0,0,0
What are the positive effects of meditation?,1,0,0,0,0
How does meditation benefit people?,1,0,0,0,0
What are the upsides to practicing meditation?,1,0,0,0,0
In what ways is meditation beneficial?,1,0,0,0,0
What are the gains from meditating?,1,0,0,0,0
What good comes from meditation?,1,0,0,0,0
What improvements can meditation bring?,1,0,0,0,0
What are the rewards of meditation?,1,0,0,0,0
Send the meeting minutes to the team via email.,0,0,0,1,0
Please distribute the meeting minutes to the team by email.,0,0,0,1,0
Forward the meeting minutes to all team members.,0,0,0,1,0
The team should receive the meeting minutes by email.,0,0,0,1,0
Email the team with the meeting minutes attached.,0,0,0,1,0
Share the meeting minutes with the team using email.,0,0,0,1,0
Can you describe your design?,0,0,0,0,1
Could you explain your design?,0,0,0,0,1
What does your design look like?,0,0,0,0,1
What's the design you've created?,0,0,0,0,1
Tell me about your design.,0,0,0,0,1
Describe the design you've developed.,0,0,0,0,1
Give me some details about your design.,0,0,0,0,1
I'd like to know more about your design.,0,0,0,0,1
What are the features of your design?,0,0,0,0,1
What is the concept behind your design?,0,0,0,0,1
"I need to remember to call Mom tomorrow, and also find a decent restaurant.",1,0,1,0,0
"Could you help me locate a highly-rated restaurant, and please remind me to call my mother tomorrow?",1,0,1,0,0
"Tomorrow, I must call my mom; additionally, I'm looking for a good place to eat.",1,0,1,0,0
I'm searching for a restaurant recommendation and need a reminder to call my mother tomorrow.,1,0,1,0,0
Two things: I need to find a great restaurant and remember to phone Mom tomorrow.,1,0,1,0,0
Finding a good restaurant and calling Mom tomorrow are both on my to-do list.,1,0,1,0,0
"I need to figure out the meaning of life, turn down the thermostat overnight, and write an email to the support team.",1,1,0,1,0
"Could you help me understand the meaning of life?  Also, I need to lower the thermostat for tonight and email support.",1,1,0,1,0
"Tonight's tasks: contemplate the meaning of life, adjust the thermostat downwards, and draft an email to the support team.",1,1,0,1,0
"Three things to do:  find the meaning of life, reduce the thermostat setting for the night, and send an email to support.",1,1,0,1,0
"My to-do list includes:  pondering the meaning of life, lowering the nighttime thermostat, and emailing the support team.",1,1,0,1,0
"Before bed:  reflect on the meaning of life, lower the thermostat, and compose a message to the support team.",1,1,0,1,0
"I have to consider the meaning of life, decrease the thermostat temperature for the night, and send an email to the support staff.",1,1,0,1,0
"I need to add 'finish reading the book' to my to-do list; also, what is the meaning of life?",1,0,1,0,0
"Add 'finish the book' to my tasks;  what's the meaning of life, anyway?",1,0,1,0,0
"Could you add 'finish reading the book' to my list?  And while you're at it, what is the meaning of life?",1,0,1,0,0
"My to-do list needs the item 'finish reading the book'.  Separately, I'm pondering the meaning of life.",1,0,1,0,0
"What's the point of it all?  Oh, and please add 'finish reading the book' to my to-do list.",1,0,1,0,0
"In addition to adding 'finish reading the book' to my list, I'm also contemplating the meaning of life.",1,0,1,0,0
"Two things:  add 'finish the book' to my list, and what is the meaning of life?",1,0,1,0,0
"I need to open the garage door, schedule a passport renewal, and respond to John's email.",0,1,1,1,0
"Open the garage, add a to-do item for passport renewal, and reply to John.",0,1,1,1,0
Garage door: open.  Task: passport renewal.  John's email: reply.,0,1,1,1,0
"First, open the garage door. Next, create a task to renew my passport. Finally, reply to the email from John.",0,1,1,1,0
"My to-dos: open the garage, renew my passport, and reply to John's email.",0,1,1,1,0
"Please add to my task list: open the garage door, renew my passport, and respond to John's email.",0,1,1,1,0
Action items: open garage door; schedule passport renewal; reply to John's email.,0,1,1,1,0
What are some of your interests?,0,0,0,0,1
What do you enjoy doing in your free time?,0,0,0,0,1
Do you pursue any leisure activities?,0,0,0,0,1
What are your favorite pastimes?,0,0,0,0,1
Tell me about your hobbies.,0,0,0,0,1
What do you like to do for fun?,0,0,0,0,1
Any hobbies you'd like to share?,0,0,0,0,1
What keeps you busy outside of work/school?,0,0,0,0,1
What are you passionate about outside of your daily routine?,0,0,0,0,1
"What's the weather like outside, and could you dim the lights in the bedroom?",1,1,0,0,0
Can you tell me the weather forecast and lower the brightness of the bedroom lights?,1,1,0,0,0
"I'd like to know the current weather conditions, please, and also dim the lights in my bedroom.",1,1,0,0,0
"Give me a weather update, and please dim the lights in the bedroom.",1,1,0,0,0
Could you check the weather for me and reduce the lighting in the bedroom?,1,1,0,0,0
"What's the weather report, and can you make the bedroom lights dimmer?",1,1,0,0,0
"Find out who won last night's game, then respond to John's email.",1,0,0,1,0
Check the game results from last night and get back to John via email.,1,0,0,1,0
I need to know the winner of last night's game and answer John's email.,1,0,0,1,0
"Please tell me who won the game last night; also, reply to John's email.",1,0,0,1,0
Can you find out who was victorious in last night's game and reply to John's email?,1,0,0,1,0
Determine the winner of last night's game and send a response to John's email.,1,0,0,1,0
Are you interested in chatting?,0,0,0,0,1
Would you like to chat?,0,0,0,0,1
Fancy a chat?,0,0,0,0,1
Up for a chat?,0,0,0,0,1
Do you enjoy chatting?,0,0,0,0,1
Interested in a conversation?,0,0,0,0,1
"I need an explanation of quantum physics, and please turn on the home security system.",1,1,0,0,0
Could you clarify quantum physics and enable the home surveillance?,1,1,0,0,0
Please elucidate quantum physics and activate the home monitoring system.,1,1,0,0,0
"Explain quantum physics to me, and start up the home security cameras.",1,1,0,0,0
"I'd appreciate an explanation of quantum physics, and could you also switch on the home surveillance system?",1,1,0,0,0
"What's the best way to begin learning to program, and also, how do I open the living room curtains?",1,1,0,0,0
"I want to start programming; what's the first step?  Oh, and how do I open the living room curtains?",1,1,0,0,0
Can you guide me on how to start programming and how to open the living room curtains?,1,1,0,0,0
"Where do I begin with programming, and how can I open the living room curtains?",1,1,0,0,0
"I'd like to learn to program – what's the process?  Separately, how do I open the living room curtains?",1,1,0,0,0
"To start programming, what should I do first?  Also, how do I open the living room curtains?",1,1,0,0,0
"Switch off the kitchen lights, schedule a 6 PM workout reminder, and send out event invitations via email.",0,1,1,1,0
"Remember to turn off the kitchen lights, set an exercise reminder for 6 PM, and email event invitations.",0,1,1,1,0
"Before leaving the kitchen, turn off the lights; also, create a 6 PM reminder to exercise and send email invitations for the event.",0,1,1,1,0
"Please ensure the kitchen lights are off, set a reminder for a 6 PM workout, and send event invitations by email.",0,1,1,1,0
"I need to turn off the kitchen lights, schedule a reminder to exercise at 6 PM, and send out the event invitations via email.",0,1,1,1,0
"My tasks are: switch off the kitchen lights, set a reminder for 6 PM to exercise, and send email invitations for the event.",0,1,1,1,0
"First, turn off the kitchen lights.  Second, set a reminder to exercise at 6 PM. Finally, send out the event invitations via email.",0,1,1,1,0
How do you feel about art?,0,0,0,0,1
What are your thoughts on art?,0,0,0,0,1
What's your take on art?,0,0,0,0,1
What is your perspective on art?,0,0,0,0,1
Can you share your views on art?,0,0,0,0,1
Tell me your opinion of art.,0,0,0,0,1
What's your view on art?,0,0,0,0,1
What are your feelings toward art?,0,0,0,0,1
How do you regard art?,0,0,0,0,1
What's your stance on art?,0,0,0,0,1
"I need to boost productivity, trigger the security alarm, jot down a note to check the budget, and send the team the meeting minutes via email.",1,1,1,1,0
"To improve productivity, I need to activate the security alarm, make a note to review the budget, and email the meeting minutes to the team.",1,1,1,1,0
"My tasks include enhancing productivity, setting off the security alarm, adding a budget review note, and emailing the meeting minutes to the team.",1,1,1,1,0
"How can I increase productivity, sound the security alarm, add a budget review reminder, and distribute the meeting minutes to the team by email?",1,1,1,1,0
"I want to improve my productivity, activate the alarm system, remember to review the budget, and send the team the meeting notes via email.",1,1,1,1,0
"Steps needed: improve productivity, engage the security alarm, note to review the budget, and email meeting minutes to the team.",1,1,1,1,0
Can you recommend a good book for me to read?,1,0,0,0,0
I'm looking for a good book to read. Any suggestions?,1,0,0,0,0
What's a worthwhile book I could read?,1,0,0,0,0
Could you suggest an interesting book?,1,0,0,0,0
I'd like to read a good book; do you have any recommendations?,1,0,0,0,0
What book would you recommend?,1,0,0,0,0
Any suggestions for a great read?,1,0,0,0,0
"I want to know the advantages of meditation, and please set a reminder for me to work out at 6 PM.",1,0,1,0,0
"Could you tell me what meditation offers, and also schedule a reminder to exercise at 6 PM?",1,0,1,0,0
"Remind me to exercise at 6 PM; also, what are the upsides of meditation?",1,0,1,0,0
"List the benefits of meditation.  Additionally, please set an exercise reminder for 6 PM.",1,0,1,0,0
I need a 6 PM exercise reminder.  What are the positive effects of meditation?,1,0,1,0,0
Set a reminder for a 6 PM workout.  What are the advantages of a meditation practice?,1,0,1,0,0
Please schedule a 6 PM workout reminder and inform me of the benefits of meditation.,1,0,1,0,0
What's your opinion on artificial intelligence?,0,0,0,0,1
How do you feel about AI?,0,0,0,0,1
What are your thoughts on AI?,0,0,0,0,1
What is your perspective on artificial intelligence?,0,0,0,0,1
What's your take on AI?,0,0,0,0,1
Could you share your views on AI?,0,0,0,0,1
What are your feelings towards AI?,0,0,0,0,1
What's your stance on AI?,0,0,0,0,1
Tell me what you think about AI.,0,0,0,0,1
Please open the living room curtains and send the meeting summary via email.,0,1,0,1,0
Email the meeting summary and open the living room curtains.,0,1,0,1,0
"Send the meeting summary by email; then, open the living room curtains.",0,1,0,1,0
I need the living room curtains opened and the meeting summary emailed to me.,0,1,0,1,0
"The living room curtains should be opened, and the meeting summary emailed.",0,1,0,1,0
Open up the curtains in the living room and send an email with the meeting summary.,0,1,0,1,0
Could you please email the meeting summary and open the living room curtains?,0,1,0,1,0
"First, open the living room curtains; then, email the meeting summary.",0,1,0,1,0
Could you elucidate the principles of quantum physics and arrange a conference call for us on Monday?,1,0,1,0,0
"I need an explanation of quantum physics, and please book a conference call for Monday.",1,0,1,0,0
"Please schedule a conference call for Monday, and also explain quantum physics to me.",1,0,1,0,0
Can you clarify quantum physics and set up a conference call for Monday?,1,0,1,0,0
Would you be able to provide a description of quantum physics and also arrange a conference call on Monday?,1,0,1,0,0
I'd appreciate it if you could explain quantum physics and put a conference call on the calendar for Monday.,1,0,1,0,0
I need to schedule a task to renew my passport and respond to John's email.,0,0,1,1,0
Add to my to-do list: passport renewal and replying to John's email.,0,0,1,1,0
Remember to renew my passport and get back to John via email.,0,0,1,1,0
Create a task for passport renewal and answering John's email.,0,0,1,1,0
My tasks include renewing my passport and replying to John's email.,0,0,1,1,0
Schedule a reminder to renew my passport and email John back.,0,0,1,1,0
I must renew my passport and reply to John's email; add these to my tasks.,0,0,1,1,0
Put on my to-do list: passport renewal and a response to John's email.,0,0,1,1,0
Don't forget to call your mother tomorrow and send her a project update via email.,0,0,1,1,0
Give mom a call tomorrow and send an email with a project update.,0,0,1,1,0
"Tomorrow, remember to phone your mom and email her the project's progress.",0,0,1,1,0
Calling mom tomorrow and emailing a project update are both important.,0,0,1,1,0
Make sure you call your mom tomorrow and send an email detailing the project's status.,0,0,1,1,0
Set a reminder to call your mother tomorrow and send her an email updating her on the project.,0,0,1,1,0
It's important to call mom tomorrow and send an email with the project update.,0,0,1,1,0
Which film do you enjoy the most?,0,0,0,0,1
What's your number one movie?,0,0,0,0,1
What movie do you like best?,0,0,0,0,1
Could you share your favorite movie with me?,0,0,0,0,1
"Tell me, what's your all-time favorite film?",0,0,0,0,1
"If you had to pick just one, what would be your favorite movie?",0,0,0,0,1
"Out of all the movies you've seen, which is your favorite?",0,0,0,0,1
What's your go-to movie when you want to watch something great?,0,0,0,0,1
"Can you tell me about Rome's history, and also send the team the schedule via email?",1,0,0,1,0
I need information on the history of Rome; please email the schedule to the team.,1,0,0,1,0
"Email the team the schedule, and also provide me with information on the history of Rome.",1,0,0,1,0
Please send the team the schedule by email.  I'd also like to know about the history of Rome.,1,0,0,1,0
Find out the history of Rome and then email the schedule to the team.,1,0,0,1,0
Research the history of Rome and forward the schedule to the team by email.,1,0,0,1,0
Turn down the thermostat overnight and draft an email to the support team.,0,1,0,1,0
"Before going to bed, lower the thermostat and write an email to the support team.",0,1,0,1,0
Reduce the thermostat's temperature for the night and prepare an email for the support team.,0,1,0,1,0
Lower the thermostat setting for tonight and create an email to send to the support team.,0,1,0,1,0
"For the night, adjust the thermostat to a lower temperature and compose an email to the support team.",0,1,0,1,0
Set the thermostat lower for the night and email the support team.,0,1,0,1,0
Decrease the thermostat temperature at night and send an email to the support team.,0,1,0,1,0
"Adjust the thermostat to 22 degrees, add 'groceries' to my to-do list, and write an email to Ahmed.",0,1,1,1,0
"I need to set the thermostat at 22 degrees, remember to buy groceries, and email Ahmed.",0,1,1,1,0
"My tasks are: set the thermostat to 22°C, buy groceries, and email Ahmed.",0,1,1,1,0
Remember to: 1. Set the thermostat to 22 degrees. 2. Add groceries to the shopping list. 3. Send an email to Ahmed.,0,1,1,1,0
"Add 'buy groceries' to my list, compose an email to Ahmed, and change the thermostat to 22 degrees.",0,1,1,1,0
"Program the thermostat for 22 degrees, create a shopping list item for groceries, and draft an email for Ahmed.",0,1,1,1,0
Thermostat: 22 degrees. To-do list: buy groceries. Email: Ahmed.,0,1,1,1,0
"Ensure the thermostat is set to 22 degrees, add groceries to my shopping list, and send an email to Ahmed.",0,1,1,1,0
"Tell me the time, switch on the living room lights, and set a reminder to ring the dentist.",1,1,1,0,0
What's the time?  Activate the living room lights and schedule a reminder to call my dentist.,1,1,1,0,0
I need to know the current time; please illuminate the living room and add a reminder to contact the dentist.,1,1,1,0,0
"Could you tell me the time, turn on the lights in the living room, and remind me to phone the dentist?",1,1,1,0,0
"Give me the time, turn on the living room lights, and put a reminder in to call the dentist.",1,1,1,0,0
"Check the time, then turn on the living room lights and set a reminder for a call to the dentist.",1,1,1,0,0
"I need to unwind with some calming music, book a doctor's appointment, and draft an email for my client.",0,1,1,1,0
"Put on relaxing music, schedule a doctor's visit, and write an email to my client.",0,1,1,1,0
"My to-dos include: listening to soothing music, making a doctor's appointment, and emailing my client.",0,1,1,1,0
"First, I'll listen to some relaxing music; then, I'll schedule my doctor's appointment and email my client.",0,1,1,1,0
"To relax, I'll play calming music before scheduling my doctor appointment and composing an email to my client.",0,1,1,1,0
"I should play some relaxing music, then schedule a doctor's appointment, and finally, write an email to my client.",0,1,1,1,0
"Today's tasks: listen to relaxing music, book a doctor appointment, and email my client.",0,1,1,1,0
"Relax with calming music, then schedule a doctor's appointment and send an email to my client.",0,1,1,1,0
Turn on the home security system.,0,1,0,0,0
Engage the home surveillance system.,0,1,0,0,0
Start the home monitoring system.,0,1,0,0,0
Switch on the home security cameras.,0,1,0,0,0
Activate the home security cameras and recording.,0,1,0,0,0
Initiate the home surveillance system's operation.,0,1,0,0,0
I need to schedule a task for passport renewal.,0,0,1,0,0
Add a to-do item: Renew my passport.,0,0,1,0,0
Put passport renewal on my task list.,0,0,1,0,0
Create a task to renew my passport application.,0,0,1,0,0
Remember to renew my passport; add it to my tasks.,0,0,1,0,0
My tasks should include passport renewal.,0,0,1,0,0
Schedule a reminder to renew my passport.,0,0,1,0,0
"Tell me the weather forecast, lower the bedroom lights, and arrange a team meeting.",1,1,1,0,0
"What's the weather like today?  Dim the lights in the bedroom, and put a team meeting on the calendar.",1,1,1,0,0
"Check the weather, reduce the brightness in my bedroom, and book a meeting with my team.",1,1,1,0,0
"I need the weather report, please dim the lights in the bedroom, and I need to schedule a meeting with my team.",1,1,1,0,0
"Could you give me a weather update, dim the lights in my bedroom, and set up a meeting with my team?",1,1,1,0,0
"Give me today's weather, turn down the bedroom lights, and add a team meeting to my schedule.",1,1,1,0,0
Are you feeling joyful?,0,0,0,0,1
Are you in a good mood?,0,0,0,0,1
Is happiness something you're experiencing right now?,0,0,0,0,1
How's your happiness level?,0,0,0,0,1
What's your current emotional state?,0,0,0,0,1
Are you feeling content and cheerful?,0,0,0,0,1
Do you feel a sense of joy?,0,0,0,0,1
Is your mood positive?,0,0,0,0,1
Are you feeling upbeat and cheerful?,0,0,0,0,1
Would you describe yourself as happy at this moment?,0,0,0,0,1
Adjust the thermostat to 22 degrees.,0,1,0,0,0
Change the thermostat setting to 22 degrees.,0,1,0,0,0
Program the thermostat for 22 degrees.,0,1,0,0,0
Set the temperature on the thermostat to 22 degrees.,0,1,0,0,0
Make sure the thermostat is set to 22 degrees.,0,1,0,0,0
Can you tell me the capital city of France?,1,0,0,0,0
What city serves as the capital of France?,1,0,0,0,0
I'd like to know the name of France's capital.,1,0,0,0,0
Could you please name the capital of France?,1,0,0,0,0
Which city is the capital of France?,1,0,0,0,0
Remember to schedule a workout for 6 PM and send out event invitations.,0,0,1,1,0
I need a reminder to exercise at 6 PM and to email event invitations.,0,0,1,1,0
Please set a reminder for a 6 PM workout and to send event invites.,0,0,1,1,0
Schedule a 6 PM workout reminder and also send emails inviting people to the event.,0,0,1,1,0
Put a reminder in my calendar for a 6 PM workout and to email event invitations.,0,0,1,1,0
Don't forget to remind me to work out at 6 PM and send emails inviting guests to the event.,0,0,1,1,0
"Please share a fun fact, remind me to submit the report, and email me the latest report.",1,0,1,1,0
"Could you tell me an interesting fact, set a reminder for me to submit the report, and forward the newest report to my email?",1,0,1,1,0
"I need a fun fact, a reminder to submit the report, and the latest report sent to my inbox.",1,0,1,1,0
"Remind me to submit the report, send me the latest report, and share a fun fact with me.",1,0,1,1,0
"Share a fun fact, and please forward the latest report; also, set a reminder for me to submit my report.",1,0,1,1,0
"Can you provide a fun fact, email me the latest report, and remind me to submit my report?",1,0,1,1,0
"Forward the latest report, remind me about the report submission, and tell me a fun fact.",1,0,1,1,0
"Could you tell me what's the best film showing tonight, open the living room curtains, and send me a meeting summary via email?",1,1,0,1,0
"I need to know what movie is playing tonight, open the living room drapes, and get the meeting minutes emailed to me.",1,1,0,1,0
"What's tonight's top movie?  Also, please open the living room curtains and email me the meeting summary.",1,1,0,1,0
"Find out the best movie playing tonight, then open the living room curtains and send the meeting summary in an email.",1,1,0,1,0
"Can you check what movie is recommended for tonight, open the living room curtains, and email a summary of the meeting?",1,1,0,1,0
"Please tell me the best movie showing tonight, open the living room curtains, and forward the meeting summary by email.",1,1,0,1,0
"Can you explain the meaning of life, and also turn on the garden lights?",1,1,0,0,0
I need to know the meaning of life; please switch on the garden lights as well.,1,1,0,0,0
"Tell me the meaning of life, and could you please activate the garden lights?",1,1,0,0,0
"What is the purpose of existence?  In addition, please illuminate the garden.",1,1,0,0,0
Could you clarify the meaning of life and then turn on the lights in the garden?,1,1,0,0,0
"I'd like to understand the meaning of life, and while you're at it, switch on the garden lights.",1,1,0,0,0
Turn on the security system and make a note to check the budget.,0,1,1,0,0
"Engage the security alarm; also, remember to review the budget.",0,1,1,0,0
"The security alarm should be activated, and please add a budget review to your to-do list.",0,1,1,0,0
Activate the alarm and jot down a reminder to review the budget.,0,1,1,0,0
Set the security alarm and schedule a time to review the budget.,0,1,1,0,0
Remember to switch on the security alarm and to review the budget later.,0,1,1,0,0
Don't forget to activate the security alarm; add a note to your task list to review the budget.,0,1,1,0,0
I need to arrange a team meeting and write an email to my manager.,0,0,1,1,0
Put a team meeting on the calendar and compose an email for my manager.,0,0,1,1,0
Plan a meeting with my team and prepare an email to send to my manager.,0,0,1,1,0
My to-dos include scheduling a team meeting and drafting an email to my manager.,0,0,1,1,0
I must schedule a meeting with my team and create an email for my manager.,0,0,1,1,0
Add a team meeting to my schedule and draft an email to my manager.,0,0,1,1,0
Email invitations for the event.,0,0,0,1,0
Send out invitations to the event via email.,0,0,0,1,0
Please send email invitations for the event.,0,0,0,1,0
Dispatch the event invitations by email.,0,0,0,1,0
Email everyone an invitation to the event.,0,0,0,1,0
"I need to find out who won last night's game, schedule a passport renewal, and respond to John's email.",1,0,1,1,0
"Could you tell me the game's winner from last night?  Also, I need to add a task to renew my passport and reply to John.",1,0,1,1,0
Task: Discover who won the game last night. Task: Renew my passport. Task: Reply to John's email.,1,0,1,1,0
"Three things:  Check who won the game last night, set a reminder to renew my passport, and answer John's email.",1,0,1,1,0
"My to-dos: learn the results of last night's game, renew my passport, and email John back.",1,0,1,1,0
"Please remind me to: find out who won the game last night, renew my passport, and reply to John's email.",1,0,1,1,0
"I need to know the winner of last night's game, and I also have to renew my passport and get back to John.",1,0,1,1,0
"Please share an interesting fact, secure the front door, and email me the newest report.",1,1,0,1,0
"I need a fun fact, the front door locked, and the latest report forwarded to my email.",1,1,0,1,0
"Could you provide a fun fact, ensure the front door is locked, and send the most recent report by email?",1,1,0,1,0
"Give me an interesting tidbit, lock up, and email the latest report.",1,1,0,1,0
"Share a fun fact with me, make sure the front door is locked, and forward the recent report via email.",1,1,0,1,0
"I'd appreciate a fun fact, the front door locked, and the latest report emailed to me.",1,1,0,1,0
"Switch on the porch light; also, please remind me to update my calendar.",0,1,1,0,0
Activate the porch light and set a reminder for calendar updates.,0,1,1,0,0
Illuminate the porch and prompt me to update my calendar.,0,1,1,0,0
"The porch light needs turning on, and I need a reminder to update my calendar.",0,1,1,0,0
"Remember to update my calendar, and please turn on the porch light.",0,1,1,0,0
Could you turn on the porch light and remind me to add the calendar update?,0,1,1,0,0
Please ensure the porch light is on and remind me to update my calendar entry.,0,1,1,0,0
"I need instructions on baking a cake, setting the mood lighting in the dining room, and writing a follow-up email after my interview.",1,1,0,1,0
"Can you guide me on how to bake a cake, create the right ambiance with the dining room lights, and compose a follow-up email for the interview?",1,1,0,1,0
"I'd like to know how to bake a cake, set a romantic atmosphere in the dining room, and draft a post-interview thank-you email.",1,1,0,1,0
"Help me with three things: baking a cake, setting the mood lighting for the dining room, and writing a follow-up email after my job interview.",1,1,0,1,0
"I'm looking for information on baking a cake, setting the mood lighting, and composing a follow-up email for the interview I had.",1,1,0,1,0
"Could you tell me how to bake a cake, adjust the lighting in the dining room for a specific mood, and write a follow-up email regarding the interview?",1,1,0,1,0
Lower the brightness of the bedroom lights.,0,1,0,0,0
Turn down the bedroom lights.,0,1,0,0,0
Reduce the intensity of the bedroom lighting.,0,1,0,0,0
Make the bedroom lights dimmer.,0,1,0,0,0
Soften the bedroom lights.,0,1,0,0,0
Tell me the time; switch on the living room lights; remind me to call the dentist; and email Sarah.,1,1,1,1,0
"I need the current time, please illuminate the living room, set a reminder to contact my dentist, and compose an email to Sarah.",1,1,1,1,0
What's the time? Turn on the living room lights.  I also need a reminder to call the dentist and an email sent to Sarah.,1,1,1,1,0
"Could you tell me the time, activate the living room lights, add a reminder for my dentist appointment, and send an email to Sarah?",1,1,1,1,0
"Please provide the current time, turn on the lights in the living room, schedule a reminder to call the dentist, and send an email to Sarah.",1,1,1,1,0
"Check the time, then turn on the living room lights.  Don't forget to add a reminder to call the dentist and send an email to Sarah.",1,1,1,1,0
I need to know the French capital and also send a thank-you email to my professor.,1,0,0,1,0
"Could you tell me what city is the capital of France, and please remind me to email my professor to express my gratitude?",1,0,0,1,0
"Please find out the capital city of France for me, and I also need to send a thank you email to my professor.",1,0,0,1,0
"Two things: what's the capital of France, and I must send a thank-you note to my professor via email.",1,0,0,1,0
Can you tell me France's capital and then help me remember to email my professor with my thanks?,1,0,0,1,0
I have two tasks: determine the capital of France and compose a thank-you email for my professor.,1,0,0,1,0
"Explain stock market mechanics, initiate the vacuum cleaner, and add 'complete the project' to my to-do list.",1,1,1,0,0
"Can you describe how the stock market functions, turn on the vacuum, and add 'project completion' to my tasks?",1,1,1,0,0
"I need an explanation of the stock market, please start the vacuum cleaner, and add 'finish the project' to my task list.",1,1,1,0,0
Tell me how the stock market operates; switch on the vacuum cleaner and add 'complete the project' to my schedule.,1,1,1,0,0
"Give me a brief overview of the stock market, start the vacuum, and add 'project completion' as a task.",1,1,1,0,0
"Start the vacuum cleaner, add 'finish the project' to my to-do list, and explain the workings of the stock market.",1,1,1,0,0
"Add 'finish the project' to my tasks, start the vacuum cleaner, and explain the stock market.",1,1,1,0,0
"My tasks need 'finish the project' added, the vacuum cleaner needs starting, and I need an explanation of the stock market.",1,1,1,0,0
"Could you list the advantages of meditation, switch off the kitchen lights, and send out event invitations via email?",1,1,0,1,0
"I need the benefits of meditation, please turn off the kitchen lights, and send an email inviting people to the event.",1,1,0,1,0
"List the meditation benefits, then turn off the kitchen lights and email event invitations.",1,1,0,1,0
"Tell me about the positive effects of meditation; also, please switch off the kitchen lights and send email invitations for the event.",1,1,0,1,0
What are meditation's advantages?  Please also turn off the kitchen lights and send event invitations by email.,1,1,0,1,0
"Please provide the benefits of meditation, extinguish the kitchen lights, and send out email invitations for the event.",1,1,0,1,0
What's the best way to begin learning to program?,1,0,0,0,0
Where do I start learning how to code?,1,0,0,0,0
I'd like to learn programming; how should I begin?,1,0,0,0,0
Can you guide me on how to start programming?,1,0,0,0,0
What are the first steps in learning to program?,1,0,0,0,0
How can I start my programming journey?,1,0,0,0,0
What's a good entry point for learning programming?,1,0,0,0,0
I want to learn to program – what's the initial step?,1,0,0,0,0
Ensure the front door is locked and send the newest report by email.,0,1,0,1,0
Please forward the most recent report by email and lock the front door.,0,1,0,1,0
Email the latest report and remember to lock the front door.,0,1,0,1,0
"Send the updated report via email; then, lock the front door.",0,1,0,1,0
"The front door needs locking, and the latest report should be emailed.",0,1,0,1,0
Don't forget to lock up and email the latest report.,0,1,0,1,0
Make sure the front door is secured and email the newest report.,0,1,0,1,0
Prioritize emailing the latest report and locking the front door.,0,1,0,1,0
"I need to research Roman history, turn on the garden lights, and set a payment reminder for the electricity bill.",1,1,1,0,0
"Could you tell me about the history of Rome?  Also, please switch on the garden lights and remind me to pay my electricity bill.",1,1,1,0,0
"Three things: I want to learn about Rome's history, activate the garden lights, and add a reminder to pay the electricity bill.",1,1,1,0,0
"My tasks are: find information on the history of Rome, illuminate the garden, and schedule a reminder to pay the electricity bill.",1,1,1,0,0
"Please provide information on the history of Rome.  In addition, turn on the garden lights and set a reminder for the electricity bill payment.",1,1,1,0,0
"Look up the history of Rome, then switch on the garden lights and add a reminder to pay my electricity bill.",1,1,1,0,0
"I need to know the history of Rome, I need to turn on the garden lights, and I need to set a reminder to pay the electricity bill.",1,1,1,0,0
"Remember to phone Mom tomorrow, and don't forget to change the air conditioner settings.",0,1,1,0,0
Set the air conditioner properly and make a note to call my mother tomorrow.,0,1,1,0,0
I need to adjust the AC and call my mom tomorrow; please remind me.,0,1,1,0,0
"Tomorrow: Call Mom.  Also, adjust the air conditioning unit.",0,1,1,0,0
"Air conditioner adjustment is needed, and a call to Mom is scheduled for tomorrow.",0,1,1,0,0
"Don't forget to call your mother tomorrow; also, take care of the air conditioner.",0,1,1,0,0
"Prioritize calling Mom tomorrow, and also remember to adjust the air conditioning.",0,1,1,0,0
Put 'finish reading the book' on my to-do list.,0,0,1,0,0
I need to add 'finishing the book' to my list of things to do.,0,0,1,0,0
My to-do list needs the item 'finish reading the book'.,0,0,1,0,0
Remember to add 'finish reading the book' to my tasks.,0,0,1,0,0
Schedule 'finishing the book' in my list of things to do.,0,0,1,0,0
Add 'complete reading the book' to my to-do list.,0,0,1,0,0
"Share an interesting tidbit with me, then please lock the front door.",1,1,0,0,0
"I'd appreciate a fun fact, and could you also lock the front door?",1,1,0,0,0
Please lock the front door after you tell me a fun fact.,1,1,0,0,0
Give me a fun fact and ensure the front door is locked.,1,1,0,0,0
Could you provide a fun fact and then see to locking the front door?,1,1,0,0,0
"Let me know a fun fact, and please remember to lock the front door afterwards.",1,1,0,0,0
Write a follow-up email after the interview.,0,0,0,1,0
Compose a follow-up email regarding the interview.,0,0,0,1,0
Create a follow-up email about the interview.,0,0,0,1,0
Prepare a follow-up email for the interview.,0,0,0,1,0
Send a follow-up email after the interview.,0,0,0,1,0
Do you have self-awareness?,0,0,0,0,1
Are you conscious of yourself?,0,0,0,0,1
Do you possess self-consciousness?,0,0,0,0,1
Do you understand your own existence?,0,0,0,0,1
Are you cognizant of your own being?,0,0,0,0,1
Do you have an awareness of your own thoughts and feelings?,0,0,0,0,1
"Tell me the time, switch on the living room lights, and set a reminder to ring the dentist.",1,1,1,0,0
What's the time?  Activate the living room lights and schedule a reminder to call my dentist.,1,1,1,0,0
I need to know the current time; please illuminate the living room and add a reminder to contact the dentist.,1,1,1,0,0
"Could you tell me the time, turn on the lights in the living room, and remind me to phone the dentist?",1,1,1,0,0
"Give me the time, turn on the living room lights, and put a reminder in to call the dentist.",1,1,1,0,0
"Check the time, then turn on the living room lights and set a reminder for a call to the dentist.",1,1,1,0,0
"I need to unwind with some calming music, book a doctor's appointment, and draft an email for my client.",0,1,1,1,0
"Put on relaxing music, schedule a doctor's visit, and write an email to my client.",0,1,1,1,0
"My to-dos include: listening to soothing music, making a doctor's appointment, and emailing my client.",0,1,1,1,0
"First, I'll listen to some relaxing music; then, I'll schedule my doctor's appointment and email my client.",0,1,1,1,0
"To relax, I'll play calming music before scheduling a doctor's appointment and composing an email to my client.",0,1,1,1,0
"I should play some relaxing music, then schedule a doctor appointment and email my client.",0,1,1,1,0
"Relaxing music, a doctor's appointment, and an email to my client are on my agenda.",0,1,1,1,0
"Today's tasks: listen to calming music, book a doctor appointment, and send an email to my client.",0,1,1,1,0
Turn on the home security system.,0,1,0,0,0
Engage the home surveillance system.,0,1,0,0,0
Start the home monitoring system.,0,1,0,0,0
Switch on the home security cameras.,0,1,0,0,0
Activate the home security cameras and recording.,0,1,0,0,0
Initiate the home surveillance system's operation.,0,1,0,0,0
I need to schedule a task for passport renewal.,0,0,1,0,0
Add a to-do item: Renew my passport.,0,0,1,0,0
Put passport renewal on my task list.,0,0,1,0,0
Create a task to renew my passport application.,0,0,1,0,0
Remember to renew my passport; add it to my tasks.,0,0,1,0,0
My tasks should include passport renewal.,0,0,1,0,0
Schedule a reminder to renew my passport.,0,0,1,0,0
"Tell me the weather forecast, lower the bedroom lights, and arrange a team meeting.",1,1,1,0,0
"What's the weather like today?  Dim the lights in the bedroom, and put a team meeting on the calendar.",1,1,1,0,0
"Check the weather, reduce the brightness in my bedroom, and book a meeting with my team.",1,1,1,0,0
"Could you give me a weather update, dim the lights in the bedroom, and set up a meeting with my team?",1,1,1,0,0
"I need the weather report, the bedroom lights dimmed, and a meeting scheduled with my team.",1,1,1,0,0
"Give me a weather briefing, turn down the bedroom lights, and put a team meeting in the schedule.",1,1,1,0,0
Are you feeling joyful?,0,0,0,0,1
Are you in a good mood?,0,0,0,0,1
Is happiness something you're experiencing right now?,0,0,0,0,1
How's your happiness level?,0,0,0,0,1
What's your current emotional state?,0,0,0,0,1
Are you feeling content and cheerful?,0,0,0,0,1
Do you feel a sense of joy?,0,0,0,0,1
Is your mood positive?,0,0,0,0,1
Are you feeling upbeat and cheerful?,0,0,0,0,1
Would you describe yourself as happy at this moment?,0,0,0,0,1
Adjust the thermostat to 22 degrees.,0,1,0,0,0
Change the thermostat setting to 22 degrees.,0,1,0,0,0
Program the thermostat for 22 degrees.,0,1,0,0,0
Set the temperature on the thermostat to 22 degrees.,0,1,0,0,0
Make sure the thermostat is set to 22 degrees.,0,1,0,0,0
Can you tell me the capital city of France?,1,0,0,0,0
What city serves as the capital of France?,1,0,0,0,0
I'd like to know the name of France's capital.,1,0,0,0,0
Could you please name the capital of France?,1,0,0,0,0
Which city is the capital of France?,1,0,0,0,0
Remember to schedule a workout for 6 PM and send out event invitations.,0,0,1,1,0
I need a reminder to exercise at 6 PM and to email event invitations.,0,0,1,1,0
Please set an alarm for a 6 PM workout and send emails inviting people to the event.,0,0,1,1,0
Schedule a 6 PM workout reminder and send event invitations via email.,0,0,1,1,0
Put a reminder in my calendar for a 6 PM workout and email event invitations.,0,0,1,1,0
"Don't forget to exercise at 6 PM; also, send out the event invitations by email.",0,0,1,1,0
"Please share a fun fact, remind me to submit the report, and email me the latest report.",1,0,1,1,0
"Could you tell me an interesting fact, set a reminder for me to submit the report, and forward the newest report to my email?",1,0,1,1,0
"I need a fun fact, a reminder to submit the report, and the latest report sent to my inbox.",1,0,1,1,0
"Remind me to submit the report, send me the latest report, and share a fun fact with me.",1,0,1,1,0
"Send me the latest report, set a reminder for report submission, and tell me a fun fact.",1,0,1,1,0
"Forward the latest report, remind me about the report submission, and give me a fun fact.",1,0,1,1,0
"Could you tell me what's the best film showing tonight, open the living room curtains, and send me a meeting summary via email?",1,1,0,1,0
"I need to know what movie is playing tonight, open the living room drapes, and get the meeting notes emailed to me.",1,1,0,1,0
"What's tonight's top movie?  Also, please open the living room curtains and email me the meeting summary.",1,1,0,1,0
"Find out the best movie playing tonight, then open the living room curtains and send the meeting summary in an email.",1,1,0,1,0
"Please check what movie is recommended for tonight, open the living room curtains, and email me a summary of the meeting.",1,1,0,1,0
"Can you tell me which movie is best to watch tonight, and then open the living room curtains and email the meeting minutes?",1,1,0,1,0
"Tonight's best movie?  And while you're at it, open the living room curtains and email me a summary of the meeting.",1,1,0,1,0
"Can you explain the meaning of life, and also turn on the garden lights?",1,1,0,0,0
I need to know the meaning of life; please switch on the garden lights as well.,1,1,0,0,0
"Tell me the meaning of life, and could you please activate the garden lights?",1,1,0,0,0
"What is the purpose of existence?  In addition, please illuminate the garden.",1,1,0,0,0
Could you clarify the meaning of life and then turn on the lights in the garden?,1,1,0,0,0
"I'd like to understand the meaning of life, and while you're at it, switch on the garden lights.",1,1,0,0,0
Turn on the security system and make a note to check the budget.,0,1,1,0,0
"Engage the security alarm; also, remember to review the budget.",0,1,1,0,0
"The security alarm should be activated, and please add a budget review to your to-do list.",0,1,1,0,0
Activate the alarm and jot down a reminder to review the budget.,0,1,1,0,0
Set the security alarm and schedule a time to review the budget.,0,1,1,0,0
Remember to switch on the security alarm and to review the budget later.,0,1,1,0,0
Don't forget to activate the security alarm; add a note to your task list to review the budget.,0,1,1,0,0
I need to arrange a team meeting and write an email to my manager.,0,0,1,1,0
Put a team meeting on the calendar and compose an email for my manager.,0,0,1,1,0
Plan a meeting with my team and prepare an email to send to my manager.,0,0,1,1,0
My to-dos include scheduling a team meeting and drafting an email to my manager.,0,0,1,1,0
I must schedule a meeting with my team and create an email for my manager.,0,0,1,1,0
Add a team meeting to my schedule and draft an email to my boss.,0,0,1,1,0
Email invitations for the event should be sent.,0,0,0,1,0
Please send out email invitations for the event.,0,0,0,1,0
Send email invites for the event.,0,0,0,1,0
Dispatch the event invitations via email.,0,0,0,1,0
The event invitations need to be emailed.,0,0,0,1,0
"I need to find out who won last night's game, schedule a passport renewal, and respond to John's email.",1,0,1,1,0
"Could you tell me the game's winner from last night?  Also, I need to add a task to renew my passport and reply to John.",1,0,1,1,0
Task: Discover who won the game last night. Task: Renew my passport. Task: Reply to John's email.,1,0,1,1,0
"Three things:  Check who won the game last night, set a reminder to renew my passport, and answer John's email.",1,0,1,1,0
"My to-dos: learn the results of last night's game, renew my passport, and email John back.",1,0,1,1,0
"Please remind me to: find out who won the game last night, renew my passport, and reply to John's email.",1,0,1,1,0
"I need to know the winner of last night's game, and I also have to renew my passport and get back to John.",1,0,1,1,0
"Please share an interesting fact, secure the front door, and email me the newest report.",1,1,0,1,0
"I need a fun fact, the front door locked, and the latest report forwarded to my email.",1,1,0,1,0
"Could you provide a fun fact, ensure the front door is locked, and send the most recent report by email?",1,1,0,1,0
"Give me a fun fact, lock up, and email the latest report, please.",1,1,0,1,0
"Share a fun fact with me, make sure the front door is locked, and forward the recent report via email.",1,1,0,1,0
"Switch on the porch light; also, please remind me to update my calendar.",0,1,1,0,0
Activate the porch light and set a reminder for calendar updates.,0,1,1,0,0
Illuminate the porch and prompt me to update my calendar.,0,1,1,0,0
"The porch light needs turning on, and I need a reminder to update my calendar.",0,1,1,0,0
"Remember to update my calendar, and please turn on the porch light.",0,1,1,0,0
Please turn on the porch light and remind me to make the calendar update.,0,1,1,0,0
"I need instructions on baking a cake, setting the mood lighting in the dining room, and writing a follow-up email after my interview.",1,1,0,1,0
"Can you guide me on how to bake a cake, create the right ambiance with the dining room lights, and compose a follow-up email for the interview?",1,1,0,1,0
"I'd like to know how to bake a cake, set a romantic atmosphere in the dining room, and draft a post-interview thank-you email.",1,1,0,1,0
"Help me with three things: baking a cake, setting the mood lighting for the dining room, and writing a follow-up email after my job interview.",1,1,0,1,0
"I'm looking for information on baking a cake, setting the lighting in the dining room for a specific mood, and creating a follow-up email for my interview.",1,1,0,1,0
"Could you provide guidance on baking a cake, adjusting the lighting in the dining room to set the mood, and composing a thank-you email after the interview?",1,1,0,1,0
Lower the brightness of the bedroom lights.,0,1,0,0,0
Turn down the bedroom lights.,0,1,0,0,0
Reduce the intensity of the bedroom lighting.,0,1,0,0,0
Make the bedroom lights dimmer.,0,1,0,0,0
Soften the bedroom lights.,0,1,0,0,0
"Tell me the time, switch on the living room lights, remind me to call my dentist, and email Sarah.",1,1,1,1,0
"What's the time?  Activate the living room lights, set a reminder to call the dentist, and send an email to Sarah.",1,1,1,1,0
"I need the current time; please turn on the living room lights, add a reminder to call the dentist, and send an email to Sarah.",1,1,1,1,0
"Could you tell me the time, illuminate the living room, schedule a reminder to contact the dentist, and compose an email to Sarah?",1,1,1,1,0
"Show me the time, turn the living room lights on, remind me to phone the dentist, and email Sarah.",1,1,1,1,0
"Give me the time; then, turn on the living room lights, set a reminder for a call to the dentist, and send an email to Sarah.",1,1,1,1,0
I need to know the French capital and also send a thank-you email to my professor.,1,0,0,1,0
"Could you tell me what city is the capital of France, and please remind me to email my professor to express my gratitude?",1,0,0,1,0
"Please find out the capital city of France for me, and I also need to send a thank you email to my professor.",1,0,0,1,0
"Two things: what's the capital of France, and I must send a thank-you note to my professor via email.",1,0,0,1,0
Can you tell me France's capital and then help me remember to email my professor with my thanks?,1,0,0,1,0
I have two tasks: determine the capital of France and compose a thank-you email for my professor.,1,0,0,1,0
"Explain stock market mechanics, initiate the vacuum cleaner, and add 'complete the project' to my to-do list.",1,1,1,0,0
"Can you describe how the stock market functions, turn on the vacuum, and add 'project completion' to my tasks?",1,1,1,0,0
"I need an explanation of the stock market, please start the vacuum cleaner, and add 'finish the project' to my task list.",1,1,1,0,0
Tell me how the stock market operates; switch on the vacuum cleaner and add 'complete the project' to my schedule.,1,1,1,0,0
"Give me a brief overview of the stock market, start the vacuum, and add 'project completion' as a task.",1,1,1,0,0
"Start the vacuum cleaner, add 'finish the project' to my to-do list, and explain the workings of the stock market.",1,1,1,0,0
"Add 'finish the project' to my tasks, start the vacuum cleaner, and explain the stock market.",1,1,1,0,0
"My tasks need 'finish the project' added, the vacuum cleaner needs starting, and I need an explanation of the stock market.",1,1,1,0,0
"Could you list the advantages of meditation, switch off the kitchen lights, and send out event invitations via email?",1,1,0,1,0
"I need the benefits of meditation, please turn off the kitchen lights, and send an email inviting people to the event.",1,1,0,1,0
"List the meditation benefits, then turn off the kitchen lights and email event invitations.",1,1,0,1,0
"Tell me about the positive effects of meditation; also, please switch off the kitchen lights and send email invitations for the event.",1,1,0,1,0
What are meditation's advantages?  Please also turn off the kitchen lights and send event invitations by email.,1,1,0,1,0
"Please provide the benefits of meditation, extinguish the kitchen lights, and send out email invitations for the event.",1,1,0,1,0
What's the best way to begin learning to program?,1,0,0,0,0
Where do I start my programming journey?,1,0,0,0,0
I'd like to learn to program; how should I begin?,1,0,0,0,0
Can you guide me on how to start programming?,1,0,0,0,0
What are the first steps in learning programming?,1,0,0,0,0
How can I begin my programming education?,1,0,0,0,0
I'm interested in programming – what's the initial step?,1,0,0,0,0
Could you provide some guidance on getting started with programming?,1,0,0,0,0
What's a good entry point for someone new to programming?,1,0,0,0,0
Ensure the front door is locked and send the newest report by email.,0,1,0,1,0
Please send the most recent report via email and remember to lock the front door.,0,1,0,1,0
Email the latest report and make sure you lock the front door.,0,1,0,1,0
"The front door needs locking, and the latest report should be emailed.",0,1,0,1,0
Don't forget to lock up and forward the latest report electronically.,0,1,0,1,0
"Forward the updated report by email; also, remember to lock the front door.",0,1,0,1,0
Secure the front door and transmit the latest report electronically.,0,1,0,1,0
Send the newest report through email after locking the front door.,0,1,0,1,0
"I need to research Roman history, turn on the garden lights, and set a payment reminder for the electricity bill.",1,1,1,0,0
"Could you tell me about the history of Rome?  Also, please switch on the garden lights and remind me to pay my electricity bill.",1,1,1,0,0
"Three things: I want to learn about Rome's history, activate the garden lights, and add a reminder to pay the electricity bill.",1,1,1,0,0
"My tasks are to find information on the history of Rome, illuminate the garden, and schedule a reminder to pay the electricity bill.",1,1,1,0,0
"Please find information on the history of Rome for me, turn on the garden lights, and set a reminder to pay my electricity bill.",1,1,1,0,0
"Look up the history of Rome, turn on the garden lights, and remind me to pay the electricity bill.",1,1,1,0,0
"I need to know the history of Rome, the garden lights need to be switched on, and I need a reminder to pay the electricity bill.",1,1,1,0,0
"Remember to phone Mom tomorrow, and don't forget to change the air conditioner settings.",0,1,1,0,0
Set the air conditioner properly and make a note to call my mother tomorrow.,0,1,1,0,0
I need to adjust the AC and call my mom tomorrow; please remind me.,0,1,1,0,0
"Tomorrow: Call mom.  Also, adjust the air conditioning unit.",0,1,1,0,0
"Air conditioner adjustment needed.  Also, a reminder to call Mom tomorrow.",0,1,1,0,0
"Don't forget to call your mother tomorrow; in addition, adjust the air conditioning.",0,1,1,0,0
"Prioritize calling Mom tomorrow, and also remember to adjust the air conditioning.",0,1,1,0,0
Put 'finish reading the book' on my to-do list.,0,0,1,0,0
I need to add 'finishing the book' to my tasks.,0,0,1,0,0
My to-do list needs the item 'finish reading the book'.,0,0,1,0,0
Remember to add 'finish reading the book' to my list of things to do.,0,0,1,0,0
Schedule 'finishing the book' in my list of things to accomplish.,0,0,1,0,0
Note down 'finish reading the book' on my to-do list.,0,0,1,0,0
"Share an interesting tidbit with me, then please lock the front door.",1,1,0,0,0
"I'd appreciate a fun fact, and could you also lock the front door?",1,1,0,0,0
Please lock the front door after you tell me a fun fact.,1,1,0,0,0
Give me a fun fact and ensure the front door is locked.,1,1,0,0,0
Could you provide a fun fact and then see to locking the front door?,1,1,0,0,0
Lock the front door once you've told me a fun fact.,1,1,0,0,0
Write a follow-up email after the interview.,0,0,0,1,0
Compose a follow-up email regarding the interview.,0,0,0,1,0
Create a follow-up email about the interview.,0,0,0,1,0
Prepare a follow-up email for the interview.,0,0,0,1,0
Send a follow-up email after the interview.,0,0,0,1,0
Do you have self-awareness?,0,0,0,0,1
Are you conscious of yourself?,0,0,0,0,1
Do you possess self-consciousness?,0,0,0,0,1
Do you understand your own existence?,0,0,0,0,1
Are you cognizant of your own being?,0,0,0,0,1
Do you have an awareness of your own thoughts and feelings?,0,0,0,0,1
Do you have self-awareness?,0,0,0,0,1
Are you conscious of yourself?,0,0,0,0,1
Do you possess self-consciousness?,0,0,0,0,1
Do you understand your own existence?,0,0,0,0,1
Are you cognizant of your own being?,0,0,0,0,1
Do you have an awareness of your own thoughts and feelings?,0,0,0,0,1
